[{
  "_id": {
    "$oid": "64c0ea83b5e9a03e61f844d9"
  },
  "userId": "64c0d6bc9299eae79466e875",
  "desc": "hey its my first post from Jhon",
  "img": "image.png",
  "likes": [
    "64bfa8c2a4214a95266ce796"
  ],
  "createdAt": {
    "$date": "2023-07-26T09:42:27.738Z"
  },
  "updatedAt": {
    "$date": "2023-07-26T09:44:30.387Z"
  },
  "__v": 0
},
{
  "_id": {
    "$oid": "64c0ef353135738e9108b9e4"
  },
  "userId": "64c0d6bc9299eae79466e875",
  "desc": "hey its my first post from Jhon 3",
  "img": "image.png",
  "likes": [],
  "createdAt": {
    "$date": "2023-07-26T10:02:29.732Z"
  },
  "updatedAt": {
    "$date": "2023-07-26T10:02:29.732Z"
  },
  "__v": 0
},
{
  "_id": {
    "$oid": "64cb724a119d8382e4e89c91"
  },
  "userId": "64cb7026119d8382e4e89c8b",
  "description": "hey it is my first post from jane",
  "image": "post/2.jpeg",
  "likes": [
    "64cb7016119d8382e4e89c89",
    "64cb7026119d8382e4e89c8b"
  ],
  "createdAt": {
    "$date": "2023-08-03T09:24:26.708Z"
  },
  "updatedAt": {
    "$date": "2023-08-06T14:56:33.982Z"
  },
  "__v": 0
},
{
  "_id": {
    "$oid": "64cb7259119d8382e4e89c93"
  },
  "userId": "64cb7026119d8382e4e89c8b",
  "description": "hey it is my first post from jane2",
  "image": "post/3.jpeg",
  "likes": [
    "64cb7016119d8382e4e89c89"
  ],
  "createdAt": {
    "$date": "2023-08-03T09:24:41.651Z"
  },
  "updatedAt": {
    "$date": "2023-08-11T08:15:38.356Z"
  },
  "__v": 0
},
{
  "_id": {
    "$oid": "64ccd8073bca731eb4f84c96"
  },
  "userId": "64bfb981d84d3daf0360359a",
  "description": "My dog is stronk ... Stronk Doggo",
  "image": "post/6.jpeg",
  "likes": [
    "64d7e41f8dd7aba37b030080",
    "64bfb981d84d3daf0360359a",
    "64d7e56da890477826a9ce02"
  ],
  "createdAt": {
    "$date": "2023-08-04T10:50:47.596Z"
  },
  "updatedAt": {
    "$date": "2023-10-03T09:49:46.548Z"
  },
  "__v": 27,
  "comments": [
    {
      "user_id": "64d7eaffa890477826a9ce4f",
      "description": "hello",
      "likes": [],
      "_id": {
        "$oid": "64da0f82e5cfe89e6ebbfba2"
      },
      "createdAt": {
        "$date": "2023-08-14T11:26:58.298Z"
      },
      "updatedAt": {
        "$date": "2023-08-14T11:26:58.298Z"
      }
    },
    {
      "user_id": "64bfb981d84d3daf0360359a",
      "description": "następny komentarz edytowany dsadasd a",
      "likes": [],
      "_id": {
        "$oid": "64db3c94a61e381f03f3712a"
      },
      "createdAt": {
        "$date": "2023-08-15T08:51:32.753Z"
      },
      "updatedAt": {
        "$date": "2023-09-07T08:50:09.625Z"
      }
    },
    {
      "user_id": "64bfb981d84d3daf0360359a",
      "description": "Lorem ipsum dolor sit amet, consectetur adipiscing elit. Nullam pulvinar ut massa in luctus. In sed sapien at est sodales egestas rutrum ac est. Mauris condimentum faucibus lacus, eu viverra nibh sollicitudin in. Etiam fringilla erat et purus maximus vehicula. Ut sit amet euismod lorem. In laoreet, erat in elementum interdum, turpis dui pretium lorem, eget placerat lacus tellus ut augue. Proin commodo consectetur velit, nec varius neque pharetra id. Ut pharetra nisi tellus, in laoreet nulla finibus in. ",
      "likes": [],
      "_id": {
        "$oid": "64db3ed3a61e381f03f373fd"
      },
      "createdAt": {
        "$date": "2023-08-15T09:01:07.790Z"
      },
      "updatedAt": {
        "$date": "2023-08-15T09:01:07.790Z"
      }
    },
    {
      "user_id": "64bfb981d84d3daf0360359a",
      "description": "hi",
      "likes": [],
      "_id": {
        "$oid": "6502c90252293323411dec3f"
      },
      "createdAt": {
        "$date": "2023-09-14T08:49:06.754Z"
      },
      "updatedAt": {
        "$date": "2023-09-14T08:49:06.754Z"
      }
    },
    {
      "user_id": "64bfb981d84d3daf0360359a",
      "description": "mello",
      "likes": [],
      "_id": {
        "$oid": "6502c92052293323411dedf6"
      },
      "createdAt": {
        "$date": "2023-09-14T08:49:36.889Z"
      },
      "updatedAt": {
        "$date": "2023-09-14T08:49:36.889Z"
      }
    },
    {
      "user_id": "64bfb981d84d3daf0360359a",
      "description": "tyy",
      "likes": [],
      "_id": {
        "$oid": "6502d12152293323411f0358"
      },
      "createdAt": {
        "$date": "2023-09-14T09:23:46.015Z"
      },
      "updatedAt": {
        "$date": "2023-09-14T09:23:46.015Z"
      }
    },
    {
      "user_id": "64bfb981d84d3daf0360359a",
      "description": "hey",
      "likes": [],
      "_id": {
        "$oid": "6502df9952293323411f3ae6"
      },
      "createdAt": {
        "$date": "2023-09-14T10:25:29.336Z"
      },
      "updatedAt": {
        "$date": "2023-09-14T10:25:29.336Z"
      }
    }
  ]
},
{
  "_id": {
    "$oid": "651be9949b150e9754e159d7"
  },
  "userId": "64bfb981d84d3daf0360359a",
  "description": "dsasaa😃😆",
  "likes": [],
  "comments": [],
  "createdAt": {
    "$date": "2023-10-03T10:14:44.886Z"
  },
  "updatedAt": {
    "$date": "2023-10-03T10:14:44.886Z"
  },
  "__v": 0
}]