[{
  "_id": {
    "$oid": "64f35e55ce71ce8c57f6c3b4"
  },
  "name": "Swimming",
  "image": "https://media.giphy.com/media/2598qLXNHViM33XD6u/giphy.gif",
  "kcal_per_minute": 20,
  "distance_per_minute": 150,
  "__v": 0
},
{
  "_id": {
    "$oid": "64f35eaece71ce8c57f6c4eb"
  },
  "name": "Running",
  "image": "https://media.giphy.com/media/MDoQFQaeQUTNHmyh8O/giphy.gif",
  "kcal_per_minute": 15,
  "distance_per_minute": 100,
  "__v": 0
},
{
  "_id": {
    "$oid": "64f35f45ce71ce8c57f6c73b"
  },
  "name": "Playing fetch",
  "image": "https://media.giphy.com/media/doeBuFyyKiWKz612nR/giphy.gif",
  "kcal_per_minute": 12,
  "distance_per_minute": 50,
  "__v": 0
},
{
  "_id": {
    "$oid": "64f35fc2ce71ce8c57f6c84e"
  },
  "name": "Walking",
  "image": "https://media.giphy.com/media/e4RDR0vxGRBbifJUGe/giphy.gif",
  "kcal_per_minute": 10,
  "distance_per_minute": 75,
  "__v": 0
},
{
  "_id": {
    "$oid": "64f36016ce71ce8c57f6c96b"
  },
  "name": "Hiking",
  "image": "https://media.giphy.com/media/rgxCNqyVxo2X2UnEgr/giphy.gif",
  "kcal_per_minute": 18,
  "distance_per_minute": 120,
  "__v": 0
},
{
  "_id": {
    "$oid": "64f36061ce71ce8c57f6ca77"
  },
  "name": "Chasing a Frisbee",
  "image": "https://media.giphy.com/media/VJwck53yG6y8s2H3Og/giphy.gif",
  "kcal_per_minute": 14,
  "distance_per_minute": 90,
  "__v": 0
},
{
  "_id": {
    "$oid": "64f360a8ce71ce8c57f6cbaa"
  },
  "name": "Jumping hurdles",
  "image": "https://media.giphy.com/media/ihYD6ujBaDQjvsY2dz/giphy.gif",
  "kcal_per_minute": 16,
  "distance_per_minute": 80,
  "__v": 0
},
{
  "_id": {
    "$oid": "64f360dace71ce8c57f6cce8"
  },
  "name": "Tug of war",
  "image": "https://media.giphy.com/media/hwzFROqWrhcB6eO8km/giphy.gif",
  "kcal_per_minute": 10,
  "distance_per_minute": 5,
  "__v": 0
},
{
  "_id": {
    "$oid": "64f3616dce71ce8c57f6ce75"
  },
  "name": "Agility training",
  "image": "https://media.giphy.com/media/NdVGW2aHSjrWVcZ2DQ/giphy.gif",
  "kcal_per_minute": 17,
  "distance_per_minute": 60,
  "__v": 0
},
{
  "_id": {
    "$oid": "64f361e0ce71ce8c57f6cfc9"
  },
  "name": "Dog park play",
  "image": "https://media.giphy.com/media/YPEdKPunU3AAAfoVRq/giphy.gif",
  "kcal_per_minute": 13,
  "distance_per_minute": 70,
  "__v": 0
},
{
  "_id": {
    "$oid": "64f36223ce71ce8c57f6d14e"
  },
  "name": "Jogging",
  "image": "https://media.giphy.com/media/QUF1KJbsarHfRj49p7/giphy.gif",
  "kcal_per_minute": 12,
  "distance_per_minute": 85,
  "__v": 0
},
{
  "_id": {
    "$oid": "64f36261ce71ce8c57f6d150"
  },
  "name": "Rolling in the grass",
  "image": "https://media.giphy.com/media/phFw0JVlNfXCE/giphy.gif",
  "kcal_per_minute": 8,
  "distance_per_minute": 0,
  "__v": 0
},
{
  "_id": {
    "$oid": "64f36280ce71ce8c57f6d152"
  },
  "name": "Digging",
  "image": "https://media.giphy.com/media/Y3HXp1iDsD4GOttqSK/giphy.gif",
  "kcal_per_minute": 7,
  "distance_per_minute": 0,
  "__v": 0
},
{
  "_id": {
    "$oid": "64f362efce71ce8c57f6d154"
  },
  "name": "Napping",
  "image": "https://media.giphy.com/media/26n6UOQke3xCpsbWo/giphy.gif",
  "kcal_per_minute": 2,
  "distance_per_minute": 0,
  "__v": 0
},
{
  "_id": {
    "$oid": "64f3630ece71ce8c57f6d156"
  },
  "name": "Barking",
  "image": "https://media.giphy.com/media/hXIeQloDbnaE3BXtY9/giphy.gif",
  "kcal_per_minute": 3,
  "distance_per_minute": 0,
  "__v": 0
},
{
  "_id": {
    "$oid": "64f3632dce71ce8c57f6d158"
  },
  "name": "Sunbathing",
  "image": "https://media.giphy.com/media/mCJkHm7o6vSoAKcLY7/giphy.gif",
  "kcal_per_minute": 1,
  "distance_per_minute": 0,
  "__v": 0
},
{
  "_id": {
    "$oid": "64f363a7ce71ce8c57f6d15a"
  },
  "name": "Strolling",
  "image": "https://media.giphy.com/media/22qP1lh4bJJWq3WH13/giphy.gif",
  "kcal_per_minute": 5,
  "distance_per_minute": 40,
  "__v": 0
},
{
  "_id": {
    "$oid": "64f363cfce71ce8c57f6d15c"
  },
  "name": "Exploring",
  "image": "https://media.giphy.com/media/LwzJu1FeQaERgwo110/giphy.gif",
  "kcal_per_minute": 6,
  "distance_per_minute": 45,
  "__v": 0
},
{
  "_id": {
    "$oid": "64f363e8ce71ce8c57f6d15e"
  },
  "name": "Sprinting",
  "image": "https://media.giphy.com/media/588fM2P35tP5Oc0lo1/giphy.gif",
  "kcal_per_minute": 20,
  "distance_per_minute": 130,
  "__v": 0
},
{
  "_id": {
    "$oid": "64f3640cce71ce8c57f6d160"
  },
  "name": "Grooming",
  "image": "https://media.giphy.com/media/oTowJ9Ho0lbF3ufIWi/giphy.gif",
  "kcal_per_minute": 4,
  "distance_per_minute": 0,
  "__v": 0
}]