[{
  "_id": {
    "$oid": "64ddedbaaf03807954a3ab67"
  },
  "conversationId": "64ddeb63133316cbeeee8dbb",
  "sender": "64bfb981d84d3daf0360359a",
  "text": "Hey i'm pomelo",
  "createdAt": {
    "$date": "2023-08-17T09:51:54.621Z"
  },
  "updatedAt": {
    "$date": "2023-08-17T09:51:54.621Z"
  },
  "__v": 0
},
{
  "_id": {
    "$oid": "64ddedfaaf03807954a3ab69"
  },
  "conversationId": "64ddec475cbf067f81bcd1f6",
  "sender": "64d7eaffa890477826a9ce4f",
  "text": "Hey i'm someone you used to know",
  "createdAt": {
    "$date": "2023-08-17T09:52:58.678Z"
  },
  "updatedAt": {
    "$date": "2023-08-17T09:52:58.678Z"
  },
  "__v": 0
},
{
  "_id": {
    "$oid": "64ddee30af03807954a3ab6b"
  },
  "conversationId": "64ddeb63133316cbeeee8dbb",
  "sender": "64d7e41f8dd7aba37b030080",
  "text": "Hey i'm you",
  "createdAt": {
    "$date": "2023-08-17T09:53:52.368Z"
  },
  "updatedAt": {
    "$date": "2023-08-17T09:53:52.368Z"
  },
  "__v": 0
},
{
  "_id": {
    "$oid": "64ddf05aa100458d4f5eda8b"
  },
  "conversationId": "64ddee873009777974aaa363",
  "sender": "64bfb981d84d3daf0360359a",
  "text": "Hej",
  "createdAt": {
    "$date": "2023-08-17T10:03:06.878Z"
  },
  "updatedAt": {
    "$date": "2023-08-17T10:03:06.878Z"
  },
  "__v": 0
},
{
  "_id": {
    "$oid": "64ddf1d5d6bee37af37dfaa1"
  },
  "conversationId": "64ddef60a100458d4f5eda87",
  "sender": "64bfb981d84d3daf0360359a",
  "text": "heljoł from pomjeloł",
  "createdAt": {
    "$date": "2023-08-17T10:09:25.934Z"
  },
  "updatedAt": {
    "$date": "2023-08-17T10:09:25.934Z"
  },
  "__v": 0
},
{
  "_id": {
    "$oid": "64ddf1f8d6bee37af37dfaa3"
  },
  "conversationId": "64ddef60a100458d4f5eda87",
  "sender": "64cb7026119d8382e4e89c8b",
  "text": "heljoł from jannne",
  "createdAt": {
    "$date": "2023-08-17T10:10:00.830Z"
  },
  "updatedAt": {
    "$date": "2023-08-17T10:10:00.830Z"
  },
  "__v": 0
},
{
  "_id": {
    "$oid": "64de021f30fc9368c3f25e5b"
  },
  "conversationId": "64ddeb63133316cbeeee8dbb",
  "sender": "64bfb981d84d3daf0360359a",
  "text": "hello from react",
  "createdAt": {
    "$date": "2023-08-17T11:18:55.749Z"
  },
  "updatedAt": {
    "$date": "2023-08-17T11:18:55.749Z"
  },
  "__v": 0
},
{
  "_id": {
    "$oid": "64de023830fc9368c3f25e63"
  },
  "conversationId": "64ddeb63133316cbeeee8dbb",
  "sender": "64bfb981d84d3daf0360359a",
  "text": "hello from react",
  "createdAt": {
    "$date": "2023-08-17T11:19:20.776Z"
  },
  "updatedAt": {
    "$date": "2023-08-17T11:19:20.776Z"
  },
  "__v": 0
},
{
  "_id": {
    "$oid": "64de02bd30fc9368c3f25e7c"
  },
  "conversationId": "64ddeb63133316cbeeee8dbb",
  "sender": "64bfb981d84d3daf0360359a",
  "text": "gdzie moje kółeczko 😥",
  "createdAt": {
    "$date": "2023-08-17T11:21:33.572Z"
  },
  "updatedAt": {
    "$date": "2023-08-17T11:21:33.572Z"
  },
  "__v": 0
},
{
  "_id": {
    "$oid": "64de03b730fc9368c3f25ec5"
  },
  "conversationId": "64ddeb63133316cbeeee8dbb",
  "sender": "64bfb981d84d3daf0360359a",
  "text": "dfasds\ndsa\ndas\ndas\n\n",
  "createdAt": {
    "$date": "2023-08-17T11:25:43.036Z"
  },
  "updatedAt": {
    "$date": "2023-08-17T11:25:43.036Z"
  },
  "__v": 0
},
{
  "_id": {
    "$oid": "64de03ba30fc9368c3f25ec7"
  },
  "conversationId": "64ddeb63133316cbeeee8dbb",
  "sender": "64bfb981d84d3daf0360359a",
  "text": "dsada",
  "createdAt": {
    "$date": "2023-08-17T11:25:46.112Z"
  },
  "updatedAt": {
    "$date": "2023-08-17T11:25:46.112Z"
  },
  "__v": 0
},
{
  "_id": {
    "$oid": "64de03bc30fc9368c3f25ec9"
  },
  "conversationId": "64ddeb63133316cbeeee8dbb",
  "sender": "64bfb981d84d3daf0360359a",
  "text": "asadsadasda",
  "createdAt": {
    "$date": "2023-08-17T11:25:48.500Z"
  },
  "updatedAt": {
    "$date": "2023-08-17T11:25:48.500Z"
  },
  "__v": 0
},
{
  "_id": {
    "$oid": "64de03be30fc9368c3f25ecb"
  },
  "conversationId": "64ddeb63133316cbeeee8dbb",
  "sender": "64bfb981d84d3daf0360359a",
  "text": "dsadasdasdasda",
  "createdAt": {
    "$date": "2023-08-17T11:25:50.650Z"
  },
  "updatedAt": {
    "$date": "2023-08-17T11:25:50.650Z"
  },
  "__v": 0
},
{
  "_id": {
    "$oid": "64de03bf30fc9368c3f25ecd"
  },
  "conversationId": "64ddeb63133316cbeeee8dbb",
  "sender": "64bfb981d84d3daf0360359a",
  "text": "dasdadad",
  "createdAt": {
    "$date": "2023-08-17T11:25:51.980Z"
  },
  "updatedAt": {
    "$date": "2023-08-17T11:25:51.980Z"
  },
  "__v": 0
},
{
  "_id": {
    "$oid": "64de03c130fc9368c3f25ecf"
  },
  "conversationId": "64ddeb63133316cbeeee8dbb",
  "sender": "64bfb981d84d3daf0360359a",
  "text": "dasada",
  "createdAt": {
    "$date": "2023-08-17T11:25:53.468Z"
  },
  "updatedAt": {
    "$date": "2023-08-17T11:25:53.468Z"
  },
  "__v": 0
},
{
  "_id": {
    "$oid": "64de03c330fc9368c3f25ed1"
  },
  "conversationId": "64ddeb63133316cbeeee8dbb",
  "sender": "64bfb981d84d3daf0360359a",
  "text": "dsadasda",
  "createdAt": {
    "$date": "2023-08-17T11:25:55.654Z"
  },
  "updatedAt": {
    "$date": "2023-08-17T11:25:55.654Z"
  },
  "__v": 0
},
{
  "_id": {
    "$oid": "64de08b639c78c8608bd2812"
  },
  "conversationId": "64ddeb63133316cbeeee8dbb",
  "sender": "64bfb981d84d3daf0360359a",
  "text": "hey damian",
  "createdAt": {
    "$date": "2023-08-17T11:47:02.118Z"
  },
  "updatedAt": {
    "$date": "2023-08-17T11:47:02.118Z"
  },
  "__v": 0
},
{
  "_id": {
    "$oid": "64de08e839c78c8608bd2839"
  },
  "conversationId": "64ddee873009777974aaa363",
  "sender": "64bfb981d84d3daf0360359a",
  "text": "How are you - i hoped that you wrote to me",
  "createdAt": {
    "$date": "2023-08-17T11:47:52.223Z"
  },
  "updatedAt": {
    "$date": "2023-08-17T11:47:52.223Z"
  },
  "__v": 0
},
{
  "_id": {
    "$oid": "64de08ff39c78c8608bd283b"
  },
  "conversationId": "64ddee873009777974aaa363",
  "sender": "64bfb981d84d3daf0360359a",
  "text": "test",
  "createdAt": {
    "$date": "2023-08-17T11:48:15.174Z"
  },
  "updatedAt": {
    "$date": "2023-08-17T11:48:15.174Z"
  },
  "__v": 0
},
{
  "_id": {
    "$oid": "64de094539c78c8608bd2854"
  },
  "conversationId": "64ddee873009777974aaa363",
  "sender": "64bfb981d84d3daf0360359a",
  "text": "dd",
  "createdAt": {
    "$date": "2023-08-17T11:49:25.126Z"
  },
  "updatedAt": {
    "$date": "2023-08-17T11:49:25.126Z"
  },
  "__v": 0
},
{
  "_id": {
    "$oid": "64de0bf339c78c8608bd28ca"
  },
  "conversationId": "64ddeb63133316cbeeee8dbb",
  "sender": "64bfb981d84d3daf0360359a",
  "text": "scroll",
  "createdAt": {
    "$date": "2023-08-17T12:00:51.415Z"
  },
  "updatedAt": {
    "$date": "2023-08-17T12:00:51.415Z"
  },
  "__v": 0
},
{
  "_id": {
    "$oid": "64de2952d079189287841050"
  },
  "conversationId": "64ddee873009777974aaa363",
  "sender": "64bfb981d84d3daf0360359a",
  "createdAt": {
    "$date": "2023-08-17T14:06:10.124Z"
  },
  "updatedAt": {
    "$date": "2023-08-17T14:06:10.124Z"
  },
  "__v": 0
},
{
  "_id": {
    "$oid": "64de296cd07918928784105a"
  },
  "conversationId": "64ddee873009777974aaa363",
  "sender": "64bfb981d84d3daf0360359a",
  "createdAt": {
    "$date": "2023-08-17T14:06:36.657Z"
  },
  "updatedAt": {
    "$date": "2023-08-17T14:06:36.657Z"
  },
  "__v": 0
},
{
  "_id": {
    "$oid": "64de2978d07918928784105c"
  },
  "conversationId": "64ddee873009777974aaa363",
  "sender": "64bfb981d84d3daf0360359a",
  "createdAt": {
    "$date": "2023-08-17T14:06:48.189Z"
  },
  "updatedAt": {
    "$date": "2023-08-17T14:06:48.189Z"
  },
  "__v": 0
},
{
  "_id": {
    "$oid": "64de2986d079189287841060"
  },
  "conversationId": "64ddec475cbf067f81bcd1f6",
  "sender": "64bfb981d84d3daf0360359a",
  "createdAt": {
    "$date": "2023-08-17T14:07:02.757Z"
  },
  "updatedAt": {
    "$date": "2023-08-17T14:07:02.757Z"
  },
  "__v": 0
},
{
  "_id": {
    "$oid": "64de29d2d079189287841075"
  },
  "conversationId": "64ddeb63133316cbeeee8dbb",
  "sender": "64bfb981d84d3daf0360359a",
  "createdAt": {
    "$date": "2023-08-17T14:08:18.741Z"
  },
  "updatedAt": {
    "$date": "2023-08-17T14:08:18.741Z"
  },
  "__v": 0
},
{
  "_id": {
    "$oid": "64de29eed07918928784107d"
  },
  "conversationId": "64ddeb63133316cbeeee8dbb",
  "sender": "64bfb981d84d3daf0360359a",
  "createdAt": {
    "$date": "2023-08-17T14:08:46.457Z"
  },
  "updatedAt": {
    "$date": "2023-08-17T14:08:46.457Z"
  },
  "__v": 0
},
{
  "_id": {
    "$oid": "64de2a1bd07918928784108b"
  },
  "conversationId": "64ddeb63133316cbeeee8dbb",
  "sender": "64bfb981d84d3daf0360359a",
  "createdAt": {
    "$date": "2023-08-17T14:09:31.113Z"
  },
  "updatedAt": {
    "$date": "2023-08-17T14:09:31.113Z"
  },
  "__v": 0
},
{
  "_id": {
    "$oid": "64de2accd07918928784109f"
  },
  "conversationId": "64ddeb63133316cbeeee8dbb",
  "sender": "64bfb981d84d3daf0360359a",
  "text": "test",
  "createdAt": {
    "$date": "2023-08-17T14:12:28.058Z"
  },
  "updatedAt": {
    "$date": "2023-08-17T14:12:28.058Z"
  },
  "__v": 0
},
{
  "_id": {
    "$oid": "64de2bc7d0791892878410c5"
  },
  "conversationId": "64ddeb63133316cbeeee8dbb",
  "sender": "64bfb981d84d3daf0360359a",
  "text": "test scroll\n",
  "createdAt": {
    "$date": "2023-08-17T14:16:39.750Z"
  },
  "updatedAt": {
    "$date": "2023-08-17T14:16:39.750Z"
  },
  "__v": 0
},
{
  "_id": {
    "$oid": "64df492683a9fe1e4f316771"
  },
  "conversationId": "64ddeb63133316cbeeee8dbb",
  "sender": "64bfb981d84d3daf0360359a",
  "text": "siema",
  "createdAt": {
    "$date": "2023-08-18T10:34:14.520Z"
  },
  "updatedAt": {
    "$date": "2023-08-18T10:34:14.520Z"
  },
  "__v": 0
},
{
  "_id": {
    "$oid": "64df493a8398b71f3f3be03a"
  },
  "conversationId": "64ddeb63133316cbeeee8dbb",
  "sender": "64bfb981d84d3daf0360359a",
  "text": "Test siema e\n",
  "createdAt": {
    "$date": "2023-08-18T10:34:34.693Z"
  },
  "updatedAt": {
    "$date": "2023-08-18T10:34:34.693Z"
  },
  "__v": 0
},
{
  "_id": {
    "$oid": "64df494e8398b71f3f3be03c"
  },
  "conversationId": "64ddeb63133316cbeeee8dbb",
  "sender": "64d7e41f8dd7aba37b030080",
  "text": "Twoja matula\n",
  "createdAt": {
    "$date": "2023-08-18T10:34:54.468Z"
  },
  "updatedAt": {
    "$date": "2023-08-18T10:34:54.468Z"
  },
  "__v": 0
},
{
  "_id": {
    "$oid": "64df495a83a9fe1e4f316773"
  },
  "conversationId": "64ddeb63133316cbeeee8dbb",
  "sender": "64bfb981d84d3daf0360359a",
  "text": "test12\n",
  "createdAt": {
    "$date": "2023-08-18T10:35:06.367Z"
  },
  "updatedAt": {
    "$date": "2023-08-18T10:35:06.367Z"
  },
  "__v": 0
},
{
  "_id": {
    "$oid": "64df499c8398b71f3f3be03e"
  },
  "conversationId": "64ddeb63133316cbeeee8dbb",
  "sender": "64bfb981d84d3daf0360359a",
  "text": "dasda\n",
  "createdAt": {
    "$date": "2023-08-18T10:36:12.191Z"
  },
  "updatedAt": {
    "$date": "2023-08-18T10:36:12.191Z"
  },
  "__v": 0
},
{
  "_id": {
    "$oid": "64df4a1a83a9fe1e4f316865"
  },
  "conversationId": "64ddec475cbf067f81bcd1f6",
  "sender": "64bfb981d84d3daf0360359a",
  "text": "32131231",
  "createdAt": {
    "$date": "2023-08-18T10:38:18.682Z"
  },
  "updatedAt": {
    "$date": "2023-08-18T10:38:18.682Z"
  },
  "__v": 0
},
{
  "_id": {
    "$oid": "64df4a2583a9fe1e4f316869"
  },
  "conversationId": "64ddec475cbf067f81bcd1f6",
  "sender": "64d7eaffa890477826a9ce4f",
  "text": "32131321",
  "createdAt": {
    "$date": "2023-08-18T10:38:29.757Z"
  },
  "updatedAt": {
    "$date": "2023-08-18T10:38:29.757Z"
  },
  "__v": 0
},
{
  "_id": {
    "$oid": "64df4a6e83a9fe1e4f31688a"
  },
  "conversationId": "64ddec475cbf067f81bcd1f6",
  "sender": "64d7eaffa890477826a9ce4f",
  "text": "siemano kolano",
  "createdAt": {
    "$date": "2023-08-18T10:39:42.528Z"
  },
  "updatedAt": {
    "$date": "2023-08-18T10:39:42.528Z"
  },
  "__v": 0
},
{
  "_id": {
    "$oid": "64df4aa383a9fe1e4f31688c"
  },
  "conversationId": "64ddec475cbf067f81bcd1f6",
  "sender": "64bfb981d84d3daf0360359a",
  "text": "dsadasdasdas",
  "createdAt": {
    "$date": "2023-08-18T10:40:35.725Z"
  },
  "updatedAt": {
    "$date": "2023-08-18T10:40:35.725Z"
  },
  "__v": 0
},
{
  "_id": {
    "$oid": "64df4ab183a9fe1e4f31688e"
  },
  "conversationId": "64ddec475cbf067f81bcd1f6",
  "sender": "64d7eaffa890477826a9ce4f",
  "text": "dsadasda",
  "createdAt": {
    "$date": "2023-08-18T10:40:49.434Z"
  },
  "updatedAt": {
    "$date": "2023-08-18T10:40:49.434Z"
  },
  "__v": 0
},
{
  "_id": {
    "$oid": "64df4ab38398b71f3f3be040"
  },
  "conversationId": "64ddeb63133316cbeeee8dbb",
  "sender": "64d7e41f8dd7aba37b030080",
  "text": "aaa",
  "createdAt": {
    "$date": "2023-08-18T10:40:51.244Z"
  },
  "updatedAt": {
    "$date": "2023-08-18T10:40:51.244Z"
  },
  "__v": 0
},
{
  "_id": {
    "$oid": "64df4ad883a9fe1e4f3168ac"
  },
  "conversationId": "64ddec475cbf067f81bcd1f6",
  "sender": "64d7eaffa890477826a9ce4f",
  "text": "cxzcxz",
  "createdAt": {
    "$date": "2023-08-18T10:41:28.951Z"
  },
  "updatedAt": {
    "$date": "2023-08-18T10:41:28.951Z"
  },
  "__v": 0
},
{
  "_id": {
    "$oid": "64df4b5b83a9fe1e4f3168c9"
  },
  "conversationId": "64ddeb63133316cbeeee8dbb",
  "sender": "64bfb981d84d3daf0360359a",
  "text": "dsada",
  "createdAt": {
    "$date": "2023-08-18T10:43:39.295Z"
  },
  "updatedAt": {
    "$date": "2023-08-18T10:43:39.295Z"
  },
  "__v": 0
},
{
  "_id": {
    "$oid": "64df4bc083a9fe1e4f3168cb"
  },
  "conversationId": "64ddeb63133316cbeeee8dbb",
  "sender": "64bfb981d84d3daf0360359a",
  "text": "dsadas",
  "createdAt": {
    "$date": "2023-08-18T10:45:20.247Z"
  },
  "updatedAt": {
    "$date": "2023-08-18T10:45:20.247Z"
  },
  "__v": 0
},
{
  "_id": {
    "$oid": "64df4be683a9fe1e4f3168ce"
  },
  "conversationId": "64ddec475cbf067f81bcd1f6",
  "sender": "64d7eaffa890477826a9ce4f",
  "text": "dsadasda",
  "createdAt": {
    "$date": "2023-08-18T10:45:58.388Z"
  },
  "updatedAt": {
    "$date": "2023-08-18T10:45:58.388Z"
  },
  "__v": 0
},
{
  "_id": {
    "$oid": "64df4bf983a9fe1e4f3168d0"
  },
  "conversationId": "64ddeb63133316cbeeee8dbb",
  "sender": "64bfb981d84d3daf0360359a",
  "text": "dsadas",
  "createdAt": {
    "$date": "2023-08-18T10:46:17.362Z"
  },
  "updatedAt": {
    "$date": "2023-08-18T10:46:17.362Z"
  },
  "__v": 0
},
{
  "_id": {
    "$oid": "64df4c1283a9fe1e4f316946"
  },
  "conversationId": "64ddec475cbf067f81bcd1f6",
  "sender": "64bfb981d84d3daf0360359a",
  "text": "dsadsada",
  "createdAt": {
    "$date": "2023-08-18T10:46:42.735Z"
  },
  "updatedAt": {
    "$date": "2023-08-18T10:46:42.735Z"
  },
  "__v": 0
},
{
  "_id": {
    "$oid": "64df4c9183a9fe1e4f316964"
  },
  "conversationId": "64ddeb63133316cbeeee8dbb",
  "sender": "64bfb981d84d3daf0360359a",
  "text": "sdadasdasdasdasdadsa",
  "createdAt": {
    "$date": "2023-08-18T10:48:49.548Z"
  },
  "updatedAt": {
    "$date": "2023-08-18T10:48:49.548Z"
  },
  "__v": 0
},
{
  "_id": {
    "$oid": "64df52f11a0a03ec56514823"
  },
  "conversationId": "64ddec475cbf067f81bcd1f6",
  "sender": "64bfb981d84d3daf0360359a",
  "text": "dsadas",
  "createdAt": {
    "$date": "2023-08-18T11:16:01.793Z"
  },
  "updatedAt": {
    "$date": "2023-08-18T11:16:01.793Z"
  },
  "__v": 0
},
{
  "_id": {
    "$oid": "64df53161a0a03ec56514829"
  },
  "conversationId": "64ddec475cbf067f81bcd1f6",
  "sender": "64d7eaffa890477826a9ce4f",
  "text": "dsadasd",
  "createdAt": {
    "$date": "2023-08-18T11:16:38.195Z"
  },
  "updatedAt": {
    "$date": "2023-08-18T11:16:38.195Z"
  },
  "__v": 0
},
{
  "_id": {
    "$oid": "64df532a1a0a03ec5651482e"
  },
  "conversationId": "64ddec475cbf067f81bcd1f6",
  "sender": "64d7eaffa890477826a9ce4f",
  "text": "12345",
  "createdAt": {
    "$date": "2023-08-18T11:16:58.417Z"
  },
  "updatedAt": {
    "$date": "2023-08-18T11:16:58.417Z"
  },
  "__v": 0
},
{
  "_id": {
    "$oid": "64df53d1a86ce1b253682956"
  },
  "conversationId": "64ddeb63133316cbeeee8dbb",
  "sender": "64bfb981d84d3daf0360359a",
  "text": "dasda",
  "createdAt": {
    "$date": "2023-08-18T11:19:45.371Z"
  },
  "updatedAt": {
    "$date": "2023-08-18T11:19:45.371Z"
  },
  "__v": 0
},
{
  "_id": {
    "$oid": "64df53d6a86ce1b253682958"
  },
  "conversationId": "64ddeb63133316cbeeee8dbb",
  "sender": "64d7e41f8dd7aba37b030080",
  "text": "dsadas",
  "createdAt": {
    "$date": "2023-08-18T11:19:50.374Z"
  },
  "updatedAt": {
    "$date": "2023-08-18T11:19:50.374Z"
  },
  "__v": 0
},
{
  "_id": {
    "$oid": "64df55479ad8164f66800f3c"
  },
  "conversationId": "64ddeb63133316cbeeee8dbb",
  "sender": "64bfb981d84d3daf0360359a",
  "text": "siema chuju\n",
  "createdAt": {
    "$date": "2023-08-18T11:25:59.390Z"
  },
  "updatedAt": {
    "$date": "2023-08-18T11:25:59.390Z"
  },
  "__v": 0
},
{
  "_id": {
    "$oid": "64e27d94d95c21d8a0e73ec1"
  },
  "conversationId": "64ddeb63133316cbeeee8dbb",
  "sender": "64bfb981d84d3daf0360359a",
  "text": "XD",
  "createdAt": {
    "$date": "2023-08-20T20:54:44.940Z"
  },
  "updatedAt": {
    "$date": "2023-08-20T20:54:44.940Z"
  },
  "__v": 0
},
{
  "_id": {
    "$oid": "64e27f26d95c21d8a0e73ed0"
  },
  "conversationId": "64ddeb63133316cbeeee8dbb",
  "sender": "64bfb981d84d3daf0360359a",
  "text": "aa",
  "createdAt": {
    "$date": "2023-08-20T21:01:26.588Z"
  },
  "updatedAt": {
    "$date": "2023-08-20T21:01:26.588Z"
  },
  "__v": 0
},
{
  "_id": {
    "$oid": "64e27f4cd95c21d8a0e73ee4"
  },
  "conversationId": "64ddec475cbf067f81bcd1f6",
  "sender": "64bfb981d84d3daf0360359a",
  "text": "wq",
  "createdAt": {
    "$date": "2023-08-20T21:02:04.707Z"
  },
  "updatedAt": {
    "$date": "2023-08-20T21:02:04.707Z"
  },
  "__v": 0
},
{
  "_id": {
    "$oid": "64e27f58d95c21d8a0e73ef7"
  },
  "conversationId": "64ddec475cbf067f81bcd1f6",
  "sender": "64bfb981d84d3daf0360359a",
  "text": "aaa",
  "createdAt": {
    "$date": "2023-08-20T21:02:16.099Z"
  },
  "updatedAt": {
    "$date": "2023-08-20T21:02:16.099Z"
  },
  "__v": 0
},
{
  "_id": {
    "$oid": "64e27f69d95c21d8a0e73f0b"
  },
  "conversationId": "64ddeb63133316cbeeee8dbb",
  "sender": "64bfb981d84d3daf0360359a",
  "text": "222",
  "createdAt": {
    "$date": "2023-08-20T21:02:33.884Z"
  },
  "updatedAt": {
    "$date": "2023-08-20T21:02:33.884Z"
  },
  "__v": 0
},
{
  "_id": {
    "$oid": "64e27fc6d95c21d8a0e73f2b"
  },
  "conversationId": "64ddeb63133316cbeeee8dbb",
  "sender": "64bfb981d84d3daf0360359a",
  "text": "wewe",
  "createdAt": {
    "$date": "2023-08-20T21:04:06.117Z"
  },
  "updatedAt": {
    "$date": "2023-08-20T21:04:06.117Z"
  },
  "__v": 0
},
{
  "_id": {
    "$oid": "64e27fd9d95c21d8a0e73f45"
  },
  "conversationId": "64ddeb63133316cbeeee8dbb",
  "sender": "64bfb981d84d3daf0360359a",
  "text": "wwww",
  "createdAt": {
    "$date": "2023-08-20T21:04:25.615Z"
  },
  "updatedAt": {
    "$date": "2023-08-20T21:04:25.615Z"
  },
  "__v": 0
},
{
  "_id": {
    "$oid": "64e34d26dd64688d34a291ea"
  },
  "conversationId": "64ddeb63133316cbeeee8dbb",
  "sender": "64bfb981d84d3daf0360359a",
  "text": "test",
  "createdAt": {
    "$date": "2023-08-21T11:40:22.406Z"
  },
  "updatedAt": {
    "$date": "2023-08-21T11:40:22.406Z"
  },
  "__v": 0
},
{
  "_id": {
    "$oid": "64e34d2bdd64688d34a291ed"
  },
  "conversationId": "64ddec475cbf067f81bcd1f6",
  "sender": "64bfb981d84d3daf0360359a",
  "text": "tesr",
  "createdAt": {
    "$date": "2023-08-21T11:40:27.811Z"
  },
  "updatedAt": {
    "$date": "2023-08-21T11:40:27.811Z"
  },
  "__v": 0
},
{
  "_id": {
    "$oid": "64e34d30dd64688d34a291f0"
  },
  "conversationId": "64ddee873009777974aaa363",
  "sender": "64bfb981d84d3daf0360359a",
  "text": "eeee",
  "createdAt": {
    "$date": "2023-08-21T11:40:32.093Z"
  },
  "updatedAt": {
    "$date": "2023-08-21T11:40:32.093Z"
  },
  "__v": 0
},
{
  "_id": {
    "$oid": "64e34d36dd64688d34a291f2"
  },
  "conversationId": "64ddee873009777974aaa363",
  "sender": "64bfb981d84d3daf0360359a",
  "text": "eeeeerrf",
  "createdAt": {
    "$date": "2023-08-21T11:40:38.756Z"
  },
  "updatedAt": {
    "$date": "2023-08-21T11:40:38.756Z"
  },
  "__v": 0
},
{
  "_id": {
    "$oid": "64e34e37f6adfdcadd92f6e6"
  },
  "conversationId": "64ddeb63133316cbeeee8dbb",
  "sender": "64d7e41f8dd7aba37b030080",
  "text": "wsdad",
  "createdAt": {
    "$date": "2023-08-21T11:44:55.360Z"
  },
  "updatedAt": {
    "$date": "2023-08-21T11:44:55.360Z"
  },
  "__v": 0
},
{
  "_id": {
    "$oid": "64e34e4bf384b0fcab7b013e"
  },
  "conversationId": "64ddeb63133316cbeeee8dbb",
  "sender": "64bfb981d84d3daf0360359a",
  "text": "dsadasad2312312321",
  "createdAt": {
    "$date": "2023-08-21T11:45:15.762Z"
  },
  "updatedAt": {
    "$date": "2023-08-21T11:45:15.762Z"
  },
  "__v": 0
},
{
  "_id": {
    "$oid": "64e34e5ddd64688d34a29217"
  },
  "conversationId": "64ddeb63133316cbeeee8dbb",
  "sender": "64bfb981d84d3daf0360359a",
  "text": "qqqq",
  "createdAt": {
    "$date": "2023-08-21T11:45:33.215Z"
  },
  "updatedAt": {
    "$date": "2023-08-21T11:45:33.215Z"
  },
  "__v": 0
},
{
  "_id": {
    "$oid": "64e34e60dd64688d34a29219"
  },
  "conversationId": "64ddeb63133316cbeeee8dbb",
  "sender": "64bfb981d84d3daf0360359a",
  "text": "www",
  "createdAt": {
    "$date": "2023-08-21T11:45:36.518Z"
  },
  "updatedAt": {
    "$date": "2023-08-21T11:45:36.518Z"
  },
  "__v": 0
},
{
  "_id": {
    "$oid": "64e34e5ff6adfdcadd92f6e8"
  },
  "conversationId": "64ddeb63133316cbeeee8dbb",
  "sender": "64d7e41f8dd7aba37b030080",
  "text": "sad",
  "createdAt": {
    "$date": "2023-08-21T11:45:35.396Z"
  },
  "updatedAt": {
    "$date": "2023-08-21T11:45:35.396Z"
  },
  "__v": 0
},
{
  "_id": {
    "$oid": "64e34e65dd64688d34a2921c"
  },
  "conversationId": "64ddec475cbf067f81bcd1f6",
  "sender": "64bfb981d84d3daf0360359a",
  "text": "wwwww",
  "createdAt": {
    "$date": "2023-08-21T11:45:41.134Z"
  },
  "updatedAt": {
    "$date": "2023-08-21T11:45:41.134Z"
  },
  "__v": 0
},
{
  "_id": {
    "$oid": "64e34e67dd64688d34a2921e"
  },
  "conversationId": "64ddec475cbf067f81bcd1f6",
  "sender": "64bfb981d84d3daf0360359a",
  "text": "www",
  "createdAt": {
    "$date": "2023-08-21T11:45:43.722Z"
  },
  "updatedAt": {
    "$date": "2023-08-21T11:45:43.722Z"
  },
  "__v": 0
},
{
  "_id": {
    "$oid": "64e34e6ddd64688d34a29222"
  },
  "conversationId": "64ddef60a100458d4f5eda87",
  "sender": "64bfb981d84d3daf0360359a",
  "text": "23",
  "createdAt": {
    "$date": "2023-08-21T11:45:49.120Z"
  },
  "updatedAt": {
    "$date": "2023-08-21T11:45:49.120Z"
  },
  "__v": 0
},
{
  "_id": {
    "$oid": "64e34e91f384b0fcab7b0146"
  },
  "conversationId": "64ddec475cbf067f81bcd1f6",
  "sender": "64bfb981d84d3daf0360359a",
  "text": "dsadada",
  "createdAt": {
    "$date": "2023-08-21T11:46:25.871Z"
  },
  "updatedAt": {
    "$date": "2023-08-21T11:46:25.871Z"
  },
  "__v": 0
},
{
  "_id": {
    "$oid": "64e46daf44564692125a066f"
  },
  "conversationId": "64ddeb63133316cbeeee8dbb",
  "sender": "64d7e41f8dd7aba37b030080",
  "text": "sd",
  "createdAt": {
    "$date": "2023-08-22T08:11:27.435Z"
  },
  "updatedAt": {
    "$date": "2023-08-22T08:11:27.435Z"
  },
  "__v": 0
},
{
  "_id": {
    "$oid": "64e46eca44564692125a06b3"
  },
  "conversationId": "64ddeb63133316cbeeee8dbb",
  "sender": "64d7e41f8dd7aba37b030080",
  "text": "sdad",
  "createdAt": {
    "$date": "2023-08-22T08:16:10.946Z"
  },
  "updatedAt": {
    "$date": "2023-08-22T08:16:10.946Z"
  },
  "__v": 0
},
{
  "_id": {
    "$oid": "64e46fe544564692125a074e"
  },
  "conversationId": "64ddeb63133316cbeeee8dbb",
  "sender": "64d7e41f8dd7aba37b030080",
  "text": "s",
  "createdAt": {
    "$date": "2023-08-22T08:20:53.028Z"
  },
  "updatedAt": {
    "$date": "2023-08-22T08:20:53.028Z"
  },
  "__v": 0
},
{
  "_id": {
    "$oid": "64e46ff744564692125a075c"
  },
  "conversationId": "64ddeb63133316cbeeee8dbb",
  "sender": "64d7e41f8dd7aba37b030080",
  "text": "dsad",
  "createdAt": {
    "$date": "2023-08-22T08:21:11.176Z"
  },
  "updatedAt": {
    "$date": "2023-08-22T08:21:11.176Z"
  },
  "__v": 0
},
{
  "_id": {
    "$oid": "64e46ff844564692125a075e"
  },
  "conversationId": "64ddeb63133316cbeeee8dbb",
  "sender": "64d7e41f8dd7aba37b030080",
  "text": "asda",
  "createdAt": {
    "$date": "2023-08-22T08:21:12.595Z"
  },
  "updatedAt": {
    "$date": "2023-08-22T08:21:12.595Z"
  },
  "__v": 0
},
{
  "_id": {
    "$oid": "64e46ffd44564692125a0760"
  },
  "conversationId": "64ddeb63133316cbeeee8dbb",
  "sender": "64d7e41f8dd7aba37b030080",
  "text": "sadsdad",
  "createdAt": {
    "$date": "2023-08-22T08:21:17.240Z"
  },
  "updatedAt": {
    "$date": "2023-08-22T08:21:17.240Z"
  },
  "__v": 0
},
{
  "_id": {
    "$oid": "64e4700144564692125a0762"
  },
  "conversationId": "64ddeb63133316cbeeee8dbb",
  "sender": "64d7e41f8dd7aba37b030080",
  "text": "fasdasdxczasq",
  "createdAt": {
    "$date": "2023-08-22T08:21:21.661Z"
  },
  "updatedAt": {
    "$date": "2023-08-22T08:21:21.661Z"
  },
  "__v": 0
},
{
  "_id": {
    "$oid": "64e4700944564692125a0764"
  },
  "conversationId": "64ddeb63133316cbeeee8dbb",
  "sender": "64d7e41f8dd7aba37b030080",
  "text": "asd",
  "createdAt": {
    "$date": "2023-08-22T08:21:29.340Z"
  },
  "updatedAt": {
    "$date": "2023-08-22T08:21:29.340Z"
  },
  "__v": 0
},
{
  "_id": {
    "$oid": "64e470b444564692125a07a8"
  },
  "conversationId": "64ddeb63133316cbeeee8dbb",
  "sender": "64d7e41f8dd7aba37b030080",
  "text": "Siema\n",
  "createdAt": {
    "$date": "2023-08-22T08:24:20.836Z"
  },
  "updatedAt": {
    "$date": "2023-08-22T08:24:20.836Z"
  },
  "__v": 0
},
{
  "_id": {
    "$oid": "64e470b544564692125a07aa"
  },
  "conversationId": "64ddeb63133316cbeeee8dbb",
  "sender": "64d7e41f8dd7aba37b030080",
  "text": "",
  "createdAt": {
    "$date": "2023-08-22T08:24:21.090Z"
  },
  "updatedAt": {
    "$date": "2023-08-22T08:24:21.090Z"
  },
  "__v": 0
},
{
  "_id": {
    "$oid": "64e470ba44564692125a07ac"
  },
  "conversationId": "64ddeb63133316cbeeee8dbb",
  "sender": "64d7e41f8dd7aba37b030080",
  "text": "s",
  "createdAt": {
    "$date": "2023-08-22T08:24:26.258Z"
  },
  "updatedAt": {
    "$date": "2023-08-22T08:24:26.258Z"
  },
  "__v": 0
},
{
  "_id": {
    "$oid": "64e470bf44564692125a07ae"
  },
  "conversationId": "64ddeb63133316cbeeee8dbb",
  "sender": "64d7e41f8dd7aba37b030080",
  "text": "Siema no co tam ",
  "createdAt": {
    "$date": "2023-08-22T08:24:31.954Z"
  },
  "updatedAt": {
    "$date": "2023-08-22T08:24:31.954Z"
  },
  "__v": 0
},
{
  "_id": {
    "$oid": "64e470e744564692125a0840"
  },
  "conversationId": "64ddeb63133316cbeeee8dbb",
  "sender": "64d7e41f8dd7aba37b030080",
  "text": "Hej\n",
  "createdAt": {
    "$date": "2023-08-22T08:25:11.806Z"
  },
  "updatedAt": {
    "$date": "2023-08-22T08:25:11.806Z"
  },
  "__v": 0
},
{
  "_id": {
    "$oid": "64e470f444564692125a0843"
  },
  "conversationId": "64ddeb63133316cbeeee8dbb",
  "sender": "64bfb981d84d3daf0360359a",
  "text": "Siema\n",
  "createdAt": {
    "$date": "2023-08-22T08:25:24.522Z"
  },
  "updatedAt": {
    "$date": "2023-08-22T08:25:24.522Z"
  },
  "__v": 0
},
{
  "_id": {
    "$oid": "64e4715c5e1cf2176ca885f8"
  },
  "conversationId": "64ddeb63133316cbeeee8dbb",
  "sender": "64bfb981d84d3daf0360359a",
  "text": "dsadsadas",
  "createdAt": {
    "$date": "2023-08-22T08:27:08.579Z"
  },
  "updatedAt": {
    "$date": "2023-08-22T08:27:08.579Z"
  },
  "__v": 0
},
{
  "_id": {
    "$oid": "64e47f55b506636135d497dd"
  },
  "conversationId": "64ddef60a100458d4f5eda87",
  "sender": "64bfb981d84d3daf0360359a",
  "text": "sd",
  "createdAt": {
    "$date": "2023-08-22T09:26:45.317Z"
  },
  "updatedAt": {
    "$date": "2023-08-22T09:26:45.317Z"
  },
  "__v": 0
},
{
  "_id": {
    "$oid": "64e5c57eca66f25268250398"
  },
  "conversationId": "64ddeb63133316cbeeee8dbb",
  "sender": "64d7e41f8dd7aba37b030080",
  "text": "sdasda",
  "createdAt": {
    "$date": "2023-08-23T08:38:22.274Z"
  },
  "updatedAt": {
    "$date": "2023-08-23T08:38:22.274Z"
  },
  "__v": 0
},
{
  "_id": {
    "$oid": "64e5c57fca66f2526825039c"
  },
  "conversationId": "64ddeb63133316cbeeee8dbb",
  "sender": "64d7e41f8dd7aba37b030080",
  "text": "asdasd",
  "createdAt": {
    "$date": "2023-08-23T08:38:23.955Z"
  },
  "updatedAt": {
    "$date": "2023-08-23T08:38:23.955Z"
  },
  "__v": 0
},
{
  "_id": {
    "$oid": "64e5c581ca66f252682503a0"
  },
  "conversationId": "64ddeb63133316cbeeee8dbb",
  "sender": "64d7e41f8dd7aba37b030080",
  "text": "adasd",
  "createdAt": {
    "$date": "2023-08-23T08:38:25.696Z"
  },
  "updatedAt": {
    "$date": "2023-08-23T08:38:25.696Z"
  },
  "__v": 0
},
{
  "_id": {
    "$oid": "64e5c583ca66f252682503a4"
  },
  "conversationId": "64ddeb63133316cbeeee8dbb",
  "sender": "64d7e41f8dd7aba37b030080",
  "text": "sdasda",
  "createdAt": {
    "$date": "2023-08-23T08:38:27.265Z"
  },
  "updatedAt": {
    "$date": "2023-08-23T08:38:27.265Z"
  },
  "__v": 0
},
{
  "_id": {
    "$oid": "64e5c584ca66f252682503a8"
  },
  "conversationId": "64ddeb63133316cbeeee8dbb",
  "sender": "64d7e41f8dd7aba37b030080",
  "text": "asdasda",
  "createdAt": {
    "$date": "2023-08-23T08:38:28.663Z"
  },
  "updatedAt": {
    "$date": "2023-08-23T08:38:28.663Z"
  },
  "__v": 0
},
{
  "_id": {
    "$oid": "64e5c586ca66f252682503ac"
  },
  "conversationId": "64ddeb63133316cbeeee8dbb",
  "sender": "64d7e41f8dd7aba37b030080",
  "text": "asdas",
  "createdAt": {
    "$date": "2023-08-23T08:38:30.013Z"
  },
  "updatedAt": {
    "$date": "2023-08-23T08:38:30.013Z"
  },
  "__v": 0
},
{
  "_id": {
    "$oid": "64e5c587ca66f252682503b0"
  },
  "conversationId": "64ddeb63133316cbeeee8dbb",
  "sender": "64d7e41f8dd7aba37b030080",
  "text": "asfasda",
  "createdAt": {
    "$date": "2023-08-23T08:38:31.302Z"
  },
  "updatedAt": {
    "$date": "2023-08-23T08:38:31.302Z"
  },
  "__v": 0
},
{
  "_id": {
    "$oid": "64e5c588ca66f252682503b4"
  },
  "conversationId": "64ddeb63133316cbeeee8dbb",
  "sender": "64d7e41f8dd7aba37b030080",
  "text": "sdasda",
  "createdAt": {
    "$date": "2023-08-23T08:38:32.561Z"
  },
  "updatedAt": {
    "$date": "2023-08-23T08:38:32.561Z"
  },
  "__v": 0
},
{
  "_id": {
    "$oid": "64e5c589ca66f252682503b8"
  },
  "conversationId": "64ddeb63133316cbeeee8dbb",
  "sender": "64d7e41f8dd7aba37b030080",
  "text": "asda",
  "createdAt": {
    "$date": "2023-08-23T08:38:33.679Z"
  },
  "updatedAt": {
    "$date": "2023-08-23T08:38:33.679Z"
  },
  "__v": 0
},
{
  "_id": {
    "$oid": "64f9a3e2752d1a07c2f6fcda"
  },
  "conversationId": "64ddeb63133316cbeeee8dbb",
  "sender": "64bfb981d84d3daf0360359a",
  "text": "raz",
  "createdAt": {
    "$date": "2023-09-07T10:20:18.361Z"
  },
  "updatedAt": {
    "$date": "2023-09-07T10:20:18.361Z"
  },
  "__v": 0
},
{
  "_id": {
    "$oid": "64f9a661752d1a07c2f75fbb"
  },
  "conversationId": "64f9a642752d1a07c2f75753",
  "sender": "64bfb981d84d3daf0360359a",
  "text": "tes",
  "createdAt": {
    "$date": "2023-09-07T10:30:57.242Z"
  },
  "updatedAt": {
    "$date": "2023-09-07T10:30:57.242Z"
  },
  "__v": 0
},
{
  "_id": {
    "$oid": "64f9a8dc752d1a07c2f7c800"
  },
  "conversationId": "64f9a8c1752d1a07c2f7bfd8",
  "sender": "64bfb981d84d3daf0360359a",
  "text": "renata",
  "createdAt": {
    "$date": "2023-09-07T10:41:32.512Z"
  },
  "updatedAt": {
    "$date": "2023-09-07T10:41:32.512Z"
  },
  "__v": 0
},
{
  "_id": {
    "$oid": "64f9a947752d1a07c2f7da77"
  },
  "conversationId": "64f9a93d752d1a07c2f7d759",
  "sender": "64bfb981d84d3daf0360359a",
  "text": "test - renata",
  "createdAt": {
    "$date": "2023-09-07T10:43:19.163Z"
  },
  "updatedAt": {
    "$date": "2023-09-07T10:43:19.163Z"
  },
  "__v": 0
},
{
  "_id": {
    "$oid": "64f9aa38752d1a07c2f7fb90"
  },
  "conversationId": "64f9aa31752d1a07c2f7f908",
  "sender": "64bfb981d84d3daf0360359a",
  "text": "jest",
  "createdAt": {
    "$date": "2023-09-07T10:47:20.946Z"
  },
  "updatedAt": {
    "$date": "2023-09-07T10:47:20.946Z"
  },
  "__v": 0
},
{
  "_id": {
    "$oid": "650196ec41742feb1650cf00"
  },
  "conversationId": "64ddeb63133316cbeeee8dbb",
  "sender": "64bfb981d84d3daf0360359a",
  "text": "eree",
  "createdAt": {
    "$date": "2023-09-13T11:03:09.003Z"
  },
  "updatedAt": {
    "$date": "2023-09-13T11:03:09.003Z"
  },
  "__v": 0
},
{
  "_id": {
    "$oid": "650198631d2a544d701a3fdd"
  },
  "conversationId": "64ddec475cbf067f81bcd1f6",
  "sender": "64bfb981d84d3daf0360359a",
  "text": "hello",
  "createdAt": {
    "$date": "2023-09-13T11:09:23.971Z"
  },
  "updatedAt": {
    "$date": "2023-09-13T11:09:23.971Z"
  },
  "__v": 0
},
{
  "_id": {
    "$oid": "65019e681d2a544d701a7dc7"
  },
  "conversationId": "64ddec475cbf067f81bcd1f6",
  "sender": "64bfb981d84d3daf0360359a",
  "text": "hi",
  "createdAt": {
    "$date": "2023-09-13T11:35:04.329Z"
  },
  "updatedAt": {
    "$date": "2023-09-13T11:35:04.329Z"
  },
  "__v": 0
},
{
  "_id": {
    "$oid": "65019e761d2a544d701a8268"
  },
  "conversationId": "64f9a747752d1a07c2f784cb",
  "sender": "64bfb981d84d3daf0360359a",
  "text": "hejka marcin",
  "createdAt": {
    "$date": "2023-09-13T11:35:18.652Z"
  },
  "updatedAt": {
    "$date": "2023-09-13T11:35:18.652Z"
  },
  "__v": 0
},
{
  "_id": {
    "$oid": "6502d06c52293323411eeffc"
  },
  "conversationId": "64ddeb63133316cbeeee8dbb",
  "sender": "64d7e41f8dd7aba37b030080",
  "text": "you old prick",
  "createdAt": {
    "$date": "2023-09-14T09:20:44.969Z"
  },
  "updatedAt": {
    "$date": "2023-09-14T09:20:44.969Z"
  },
  "__v": 0
},
{
  "_id": {
    "$oid": "6502d0c552293323411ef6d7"
  },
  "conversationId": "64ddeb63133316cbeeee8dbb",
  "sender": "64d7e41f8dd7aba37b030080",
  "text": "hi",
  "createdAt": {
    "$date": "2023-09-14T09:22:13.523Z"
  },
  "updatedAt": {
    "$date": "2023-09-14T09:22:13.523Z"
  },
  "__v": 0
},
{
  "_id": {
    "$oid": "6502d0d752293323411efa9a"
  },
  "conversationId": "64ddeb63133316cbeeee8dbb",
  "sender": "64d7e41f8dd7aba37b030080",
  "text": "you are fine",
  "createdAt": {
    "$date": "2023-09-14T09:22:31.947Z"
  },
  "updatedAt": {
    "$date": "2023-09-14T09:22:31.947Z"
  },
  "__v": 0
},
{
  "_id": {
    "$oid": "6502d0ec52293323411efe54"
  },
  "conversationId": "64ddeb63133316cbeeee8dbb",
  "sender": "64d7e41f8dd7aba37b030080",
  "text": "nie wiem",
  "createdAt": {
    "$date": "2023-09-14T09:22:52.269Z"
  },
  "updatedAt": {
    "$date": "2023-09-14T09:22:52.269Z"
  },
  "__v": 0
},
{
  "_id": {
    "$oid": "6502e44e52293323411f5f22"
  },
  "conversationId": "64ddeb63133316cbeeee8dbb",
  "sender": "64d7e41f8dd7aba37b030080",
  "text": "pomello please",
  "createdAt": {
    "$date": "2023-09-14T10:45:34.675Z"
  },
  "updatedAt": {
    "$date": "2023-09-14T10:45:34.675Z"
  },
  "__v": 0
},
{
  "_id": {
    "$oid": "6502e45e52293323411f60ec"
  },
  "conversationId": "64ddeb63133316cbeeee8dbb",
  "sender": "64d7e41f8dd7aba37b030080",
  "text": "answear",
  "createdAt": {
    "$date": "2023-09-14T10:45:50.618Z"
  },
  "updatedAt": {
    "$date": "2023-09-14T10:45:50.618Z"
  },
  "__v": 0
},
{
  "_id": {
    "$oid": "6502e47c52293323411f64fa"
  },
  "conversationId": "64ddeb63133316cbeeee8dbb",
  "sender": "64d7e41f8dd7aba37b030080",
  "text": "heee",
  "createdAt": {
    "$date": "2023-09-14T10:46:20.966Z"
  },
  "updatedAt": {
    "$date": "2023-09-14T10:46:20.966Z"
  },
  "__v": 0
},
{
  "_id": {
    "$oid": "651be2d59b150e9754e0fe53"
  },
  "conversationId": "64f9a747752d1a07c2f784cb",
  "sender": "64bfb981d84d3daf0360359a",
  "text": "Hej",
  "createdAt": {
    "$date": "2023-10-03T09:45:57.609Z"
  },
  "updatedAt": {
    "$date": "2023-10-03T09:45:57.609Z"
  },
  "__v": 0
},
{
  "_id": {
    "$oid": "651be3649b150e9754e10471"
  },
  "conversationId": "64f9a747752d1a07c2f784cb",
  "sender": "64bfb981d84d3daf0360359a",
  "text": "Hej",
  "createdAt": {
    "$date": "2023-10-03T09:48:20.003Z"
  },
  "updatedAt": {
    "$date": "2023-10-03T09:48:20.003Z"
  },
  "__v": 0
},
{
  "_id": {
    "$oid": "651be3dd9b150e9754e10ac9"
  },
  "conversationId": "64f9a747752d1a07c2f784cb",
  "sender": "64d7e56da890477826a9ce02",
  "text": "Hejj",
  "createdAt": {
    "$date": "2023-10-03T09:50:21.570Z"
  },
  "updatedAt": {
    "$date": "2023-10-03T09:50:21.570Z"
  },
  "__v": 0
}]