[{
  "_id": {
    "$oid": "64bfb981d84d3daf0360359a"
  },
  "username": "pomelo",
  "email": "pomelo@mail.com",
  "password": "$2b$10$JwWeZsP67Ir5xc.qXOzCQOaSSZwcTp1TOJaH6rG5fb5GY4VeUauIO",
  "profilePicture": "",
  "coverPicture": "",
  "followers": [
    "64cb7026119d8382e4e89c8b",
    "64d7eaffa890477826a9ce4f",
    "64d7e88fa890477826a9ce1a",
    "64d7e56da890477826a9ce02"
  ],
  "createdAt": {
    "$date": "2023-07-25T12:01:05.175Z"
  },
  "updatedAt": {
    "$date": "2023-10-03T10:22:16.605Z"
  },
  "__v": 8,
  "description": "Pomelo page description",
  "followings": [
    "64d7e56da890477826a9ce02",
    "64d7e93ba890477826a9ce2f",
    "64d7e9bfa890477826a9ce3a",
    "64d7e88fa890477826a9ce1a"
  ],
  "isOnline": true,
  "currentLocation": "Warsaw",
  "homeLocation": "Lublin",
  "relationshipStatus": 2,
  "guestArr": [
    {
      "$oid": "65116d6422305ed3971d6f6b"
    }
  ]
},
{
  "_id": {
    "$oid": "64d7e56da890477826a9ce02"
  },
  "username": "marcin",
  "email": "marcin@mail.com",
  "password": "$2b$10$gsmmkM7dOs1P74PB8USK7Od7ovMXvg6bYO2GQ3H11meDhlJb3NNY6",
  "profilePicture": "person/7.jpeg",
  "coverPicture": "post/2.jpeg",
  "followers": [
    "64d7eaffa890477826a9ce4f",
    "64bfb981d84d3daf0360359a"
  ],
  "followings": [
    "64bfb981d84d3daf0360359a"
  ],
  "createdAt": {
    "$date": "2023-08-12T20:02:53.756Z"
  },
  "updatedAt": {
    "$date": "2023-10-03T09:58:03.980Z"
  },
  "__v": 1,
  "currentLocation": "Warsaw",
  "description": "Hi, my name is Marcin ... and this is my profile description.",
  "homeLocation": "Lublin",
  "relationshipStatus": 2,
  "isOnline": false,
  "guestArr": []
},
{
  "_id": {
    "$oid": "64d7e809a890477826a9ce0f"
  },
  "username": "bartek",
  "email": "bartek@mail.com",
  "password": "$2b$10$fmOt3RvoqsmgPV/rkjAtS.v/E.MtTveTxaExK2.l14q85Nh6WWVBa",
  "profilePicture": "person/11.jpeg",
  "coverPicture": "post/3.jpeg",
  "followers": [
    "64d7eaffa890477826a9ce4f"
  ],
  "followings": [],
  "createdAt": {
    "$date": "2023-08-12T20:14:01.525Z"
  },
  "updatedAt": {
    "$date": "2023-08-24T08:10:29.559Z"
  },
  "__v": 0,
  "currentLocation": "Warsaw",
  "description": "Hi, my name is Bartek ... and this is my profile description.",
  "homeLocation": "Lublin",
  "relationshipStatus": 3,
  "isOnline": true
},
{
  "_id": {
    "$oid": "64d7e88fa890477826a9ce1a"
  },
  "username": "wojtek",
  "email": "wojtek@mail.com",
  "password": "$2b$10$eCcTZ8gbhlSPmVgpOLEeqezivG9MyrdiMPP1AJvt6mhol7KibSHi2",
  "profilePicture": "person/12.jpeg",
  "coverPicture": "post/4.jpeg",
  "followers": [
    "64d7eaffa890477826a9ce4f",
    "64bfb981d84d3daf0360359a"
  ],
  "followings": [
    "64bfb981d84d3daf0360359a"
  ],
  "createdAt": {
    "$date": "2023-08-12T20:16:15.017Z"
  },
  "updatedAt": {
    "$date": "2023-09-26T10:09:55.018Z"
  },
  "__v": 1,
  "currentLocation": "Warsaw",
  "description": "Hi, my name is Wojtek ... and this is my profile description.",
  "homeLocation": "Lublin",
  "relationshipStatus": 1,
  "isOnline": false,
  "guestArr": []
},
{
  "_id": {
    "$oid": "64d7e8ffa890477826a9ce24"
  },
  "username": "monika",
  "email": "monika@mail.com",
  "password": "$2b$10$HYR6m7eXzNEWxYSPXF5dCeHK1RWIuFRw7xJ/nF2IzscbL1c0S3E36",
  "profilePicture": "person/3.jpeg",
  "coverPicture": "post/5.jpeg",
  "followers": [],
  "followings": [],
  "createdAt": {
    "$date": "2023-08-12T20:18:07.376Z"
  },
  "updatedAt": {
    "$date": "2023-09-26T10:05:54.026Z"
  },
  "__v": 0,
  "currentLocation": "Warsaw",
  "description": "Hi, my name is Monika ... and this is my profile description.",
  "homeLocation": "Lublin",
  "relationshipStatus": 2,
  "isOnline": false
},
{
  "_id": {
    "$oid": "64d7e93ba890477826a9ce2f"
  },
  "username": "joanna",
  "email": "joanna@mail.com",
  "password": "$2b$10$d0xAVpfR5pH9ACNEf7kE0OBXoplQ9OyPaC2ymo558QRt5Q4xsMDRy",
  "profilePicture": "person/5.jpeg",
  "coverPicture": "post/6.jpeg",
  "followers": [
    "64bfb981d84d3daf0360359a"
  ],
  "followings": [],
  "createdAt": {
    "$date": "2023-08-12T20:19:07.503Z"
  },
  "updatedAt": {
    "$date": "2023-09-26T10:05:54.026Z"
  },
  "__v": 0,
  "currentLocation": "Warsaw",
  "description": "Hi, my name is Joanna ... and this is my profile description.",
  "homeLocation": "Lublin",
  "relationshipStatus": 3,
  "isOnline": false
},
{
  "_id": {
    "$oid": "64d7e9bfa890477826a9ce3a"
  },
  "username": "renata",
  "email": "renata@mail.com",
  "password": "$2b$10$3WzLKN8NkgmHAibbqOn4JeWPYZOm3uRn/wJXpHGANLAOkqFqesKOG",
  "profilePicture": "person/8.jpeg",
  "coverPicture": "post/7.jpeg",
  "followers": [
    "64bfb981d84d3daf0360359a"
  ],
  "followings": [],
  "createdAt": {
    "$date": "2023-08-12T20:21:19.414Z"
  },
  "updatedAt": {
    "$date": "2023-09-26T10:05:54.026Z"
  },
  "__v": 0,
  "currentLocation": "Warsaw",
  "description": "Hi, my name is Renata ... and this is my profile description.",
  "homeLocation": "Lublin",
  "relationshipStatus": 1,
  "isOnline": false
},
{
  "_id": {
    "$oid": "64d7eaffa890477826a9ce4f"
  },
  "username": "adrian",
  "email": "adrian@mail.com",
  "password": "$2b$10$vo48pa41cK9jpRjCkPqOzeZn4Lzhk0o1GL8zZ59tnXr2V4m2F35K2",
  "profilePicture": "person/13.jpeg",
  "coverPicture": "post/9.jpeg",
  "followers": [],
  "followings": [
    "64d7e56da890477826a9ce02",
    "64d7e809a890477826a9ce0f",
    "64d7e88fa890477826a9ce1a",
    "64bfb981d84d3daf0360359a"
  ],
  "createdAt": {
    "$date": "2023-08-12T20:26:39.841Z"
  },
  "updatedAt": {
    "$date": "2023-09-26T09:50:23.853Z"
  },
  "__v": 1,
  "currentLocation": "Warsaw",
  "description": "Hi, my name is Adrian ... and this is my profile description.",
  "homeLocation": "Lublin",
  "relationshipStatus": 3,
  "isOnline": false,
  "guestArr": []
}]