[{
  "_id": {
    "$oid": "64fae0270eab9b65fe9f6d84"
  },
  "title": "Canine Carnival Extravaganza",
  "description": "Step right up to the greatest dog show on Earth! Enjoy agility courses, carnival games, and tasty treats for your pups.",
  "image": "/uploaded/a004.jpg",
  "members": [
    "pomelo"
  ],
  "expiredIn": {
    "$date": "2023-10-06T22:00:00.000Z"
  },
  "startDate": {
    "$date": "2023-09-22T22:00:00.000Z"
  },
  "__v": 5
},
{
  "_id": {
    "$oid": "64fae03e0eab9b65fe9f6d86"
  },
  "title": "Howl-O-Ween Costume Pawty",
  "description": "Dress your dog in their spookiest or silliest costume and join us for a ghoulishly fun Halloween celebration for dogs and their humans!",
  "image": "/uploaded/a005.jpg",
  "members": [],
  "expiredIn": {
    "$date": "2023-10-13T22:00:00.000Z"
  },
  "startDate": {
    "$date": "2023-10-06T22:00:00.000Z"
  },
  "__v": 2
},
{
  "_id": {
    "$oid": "64fae0610eab9b65fe9f6d88"
  },
  "title": "Bark 'n' Splash Pool Pawty",
  "description": " Beat the summer heat as your four-legged friend splashes and frolics in our dog-friendly pool party with refreshments and water games.",
  "image": "/uploaded/a001.jpg",
  "members": [],
  "expiredIn": {
    "$date": "2023-10-20T22:00:00.000Z"
  },
  "startDate": {
    "$date": "2023-10-13T22:00:00.000Z"
  },
  "__v": 0
},
{
  "_id": {
    "$oid": "64fae07c0eab9b65fe9f6d8a"
  },
  "title": "Doggy Disco Night",
  "description": "Put on your dancing shoes, and your pup's leash, for a night of dancing and grooving with other dog lovers and their furry companions.",
  "image": "/uploaded/a002.jpg",
  "members": [],
  "expiredIn": {
    "$date": "2023-10-27T22:00:00.000Z"
  },
  "startDate": {
    "$date": "2023-10-20T22:00:00.000Z"
  },
  "__v": 1
},
{
  "_id": {
    "$oid": "64fae0900eab9b65fe9f6d8c"
  },
  "title": "Mutt Strut Charity Walk",
  "description": " Join us for a scenic charity walk with your dogs to support a good cause, followed by a pet-friendly fair with vendors and activities.",
  "image": "/uploaded/a003.jpg",
  "members": [],
  "expiredIn": {
    "$date": "2023-11-03T22:00:00.000Z"
  },
  "startDate": {
    "$date": "2023-10-27T22:00:00.000Z"
  },
  "__v": 0
},
{
  "_id": {
    "$oid": "64fae0a60eab9b65fe9f6d8e"
  },
  "title": "Doggie Movie Under the Stars",
  "description": "Bring your blanket and your best buddy for an outdoor movie night with popcorn and dog-safe snacks for everyone to enjoy.",
  "image": "/uploaded/a004.jpg",
  "members": [],
  "expiredIn": {
    "$date": "2023-11-10T22:00:00.000Z"
  },
  "startDate": {
    "$date": "2023-11-03T22:00:00.000Z"
  },
  "__v": 1
},
{
  "_id": {
    "$oid": "64fae0be0eab9b65fe9f6d90"
  },
  "title": "Pampered Pooch Spa Retreat",
  "description": "Treat your canine companion to a day of relaxation with doggy massages, facials, and pawdicures at our luxurious spa retreat.",
  "image": "/uploaded/a005.jpg",
  "members": [
    "pomelo"
  ],
  "expiredIn": {
    "$date": "2023-11-17T22:00:00.000Z"
  },
  "startDate": {
    "$date": "2023-11-10T22:00:00.000Z"
  },
  "__v": 9
}]