[{
  "_id": {
    "$oid": "64e9c903e54d59767e765d58"
  },
  "username": "kamilek",
  "email": "kamilek@mail.com",
  "password": "$2b$10$diiH7R5nC7Kkjy9vcdRIA.uklldQntKJRl6.bV8O/CsZe1LfKU/2C",
  "dogId": [],
  "isUpdated": false,
  "createdAt": {
    "$date": "2023-08-26T09:42:27.679Z"
  },
  "updatedAt": {
    "$date": "2023-08-26T09:42:27.679Z"
  },
  "__v": 0
},
{
  "_id": {
    "$oid": "6500314cdc7f1a2db0fd54c9"
  },
  "username": "franek",
  "email": "franek@mail.com",
  "password": "$2b$10$s6xJOlnRhDJZQ45Gk4XyiOZIbb6D5iLZvRTlnPOq.IkzmXoryTK/a",
  "isUpdated": false,
  "createdAt": {
    "$date": "2023-09-12T09:37:16.089Z"
  },
  "updatedAt": {
    "$date": "2023-09-12T09:37:16.089Z"
  },
  "__v": 0
},
{
  "_id": {
    "$oid": "65116d6422305ed3971d6f6b"
  },
  "username": "papaja",
  "email": "papaja@mail.com",
  "password": "$2b$10$uSfC9qOH01j/nB4KglMUWOvwk1HF.dmcRFhLVw/qdJwnbhciDxT2e",
  "isUpdated": false,
  "createdAt": {
    "$date": "2023-09-25T11:22:12.060Z"
  },
  "updatedAt": {
    "$date": "2023-09-25T11:22:12.060Z"
  },
  "__v": 0
}]