[{
  "_id": {
    "$oid": "64c39722e734df4e7bdba64e"
  },
  "name": "Doberman",
  "average_weight": 10,
  "average_lifespan": 91,
  "average_water_per_day": 194,
  "breed_advantage": [
    {
      "name": "Intelligence",
      "description": "Highly intelligent and trainable.",
      "_id": {
        "$oid": "64f8523788a6eae13e6065d2"
      }
    },
    {
      "name": "Protectiveness",
      "description": "Loyal and excellent guard dogs.",
      "_id": {
        "$oid": "64f8524288a6eae13e6065d8"
      }
    },
    {
      "name": "Athleticism",
      "description": "Agile and fit for various activities.",
      "_id": {
        "$oid": "64f8525588a6eae13e6065df"
      }
    },
    {
      "name": "Low Shedding",
      "description": "Minimal grooming and shedding.",
      "_id": {
        "$oid": "64f8525f88a6eae13e6065e7"
      }
    },
    {
      "name": "Versatility",
      "description": "Excel in various roles and adapt easily.",
      "_id": {
        "$oid": "64f8527088a6eae13e6065f0"
      }
    }
  ],
  "breed_disadvantage": [
    {
      "name": "Aggression Potential",
      "description": "Risk of aggression if not properly trained.",
      "_id": {
        "$oid": "64f8528488a6eae13e6065fa"
      }
    },
    {
      "name": "High Energy",
      "description": "Require regular exercise and mental stimulation.",
      "_id": {
        "$oid": "64f8528d88a6eae13e606605"
      }
    },
    {
      "name": "Health Issues",
      "description": "Prone to heart problems, hip dysplasia, and more.",
      "_id": {
        "$oid": "64f8529488a6eae13e606611"
      }
    },
    {
      "name": "Stubbornness",
      "description": "Some may be stubborn, making training challenging.",
      "_id": {
        "$oid": "64f8529d88a6eae13e60661e"
      }
    },
    {
      "name": "Stigma",
      "description": "Face breed-specific legislation and stereotypes.",
      "_id": {
        "$oid": "64f857fd88a6eae13e606cc5"
      }
    }
  ],
  "image_status": [
    {
      "name": "run",
      "resource": "dog running URL or data payload",
      "_id": {
        "$oid": "64c3a212bce27b0fc28ea0df"
      }
    },
    {
      "name": "shower",
      "resource": "dog showering URL or data payload",
      "_id": {
        "$oid": "64c3a21cbce27b0fc28ea0e6"
      }
    }
  ],
  "__v": 25
},
{
  "_id": {
    "$oid": "64f5b03a946641737ad8f7a2"
  },
  "name": "Labrador Retriever",
  "average_weight": 70,
  "average_lifespan": 12,
  "average_water_per_day": 14,
  "breed_advantage": [
    {
      "name": "Friendly",
      "description": "Known for their friendly and sociable nature.",
      "_id": {
        "$oid": "64f853aa88a6eae13e606818"
      }
    },
    {
      "name": "Trainability",
      "description": "Highly trainable and eager to please.",
      "_id": {
        "$oid": "64f853ac88a6eae13e60681c"
      }
    },
    {
      "name": "Versatile",
      "description": "Versatile and excel in various roles.",
      "_id": {
        "$oid": "64f853b288a6eae13e606821"
      }
    },
    {
      "name": "Low Aggression",
      "description": "Generally have a low aggression tendency.",
      "_id": {
        "$oid": "64f853b788a6eae13e606827"
      }
    },
    {
      "name": "Low Grooming",
      "description": "Low maintenance grooming with short coats.",
      "_id": {
        "$oid": "64f853bd88a6eae13e60682e"
      }
    }
  ],
  "breed_disadvantage": [
    {
      "name": "Energy Level",
      "description": "High energy; requires regular exercise.",
      "_id": {
        "$oid": "64f853cd88a6eae13e606836"
      }
    },
    {
      "name": "Chewing Tendency",
      "description": "Puppies can have a tendency to chew on objects.",
      "_id": {
        "$oid": "64f853d888a6eae13e60683f"
      }
    },
    {
      "name": "Weight Gain",
      "description": "Prone to weight gain if not monitored.",
      "_id": {
        "$oid": "64f853e188a6eae13e606849"
      }
    },
    {
      "name": "Shedding",
      "description": "Shed quite a bit, especially seasonally.",
      "_id": {
        "$oid": "64f853eb88a6eae13e606854"
      }
    },
    {
      "name": "Health Concerns",
      "description": "Can be prone to hip and elbow dysplasia.",
      "_id": {
        "$oid": "64f853f488a6eae13e606860"
      }
    }
  ],
  "image_status": [],
  "__v": 15
},
{
  "_id": {
    "$oid": "64f5b043946641737ad8f7a4"
  },
  "name": "German Shepherd",
  "average_weight": 75,
  "average_lifespan": 11,
  "average_water_per_day": 15,
  "breed_advantage": [
    {
      "name": "Intelligence",
      "description": "Highly intelligent and quick learners.",
      "_id": {
        "$oid": "64f8545088a6eae13e606a72"
      }
    },
    {
      "name": "Loyalty",
      "description": "Loyal and devoted to their families.",
      "_id": {
        "$oid": "64f8545788a6eae13e606a76"
      }
    },
    {
      "name": "Versatility",
      "description": "Versatile working dogs for various tasks.",
      "_id": {
        "$oid": "64f8545c88a6eae13e606a7b"
      }
    },
    {
      "name": "Protectiveness",
      "description": "Natural protectors and excellent guard dogs.",
      "_id": {
        "$oid": "64f8546388a6eae13e606a81"
      }
    },
    {
      "name": "Trainability",
      "description": "Easily trainable and responsive to commands.",
      "_id": {
        "$oid": "64f8546788a6eae13e606a88"
      }
    }
  ],
  "breed_disadvantage": [
    {
      "name": "High Energy",
      "description": "Require ample exercise and mental stimulation.",
      "_id": {
        "$oid": "64f8547788a6eae13e606a90"
      }
    },
    {
      "name": "Shedding",
      "description": "Shed moderately throughout the year.",
      "_id": {
        "$oid": "64f8547d88a6eae13e606a99"
      }
    },
    {
      "name": "Health Issues",
      "description": "Prone to hip dysplasia and certain genetic conditions.",
      "_id": {
        "$oid": "64f8548388a6eae13e606aa3"
      }
    },
    {
      "name": "Aggression Potential",
      "description": "May exhibit aggression if not properly socialized.",
      "_id": {
        "$oid": "64f8548988a6eae13e606aae"
      }
    },
    {
      "name": "Size",
      "description": "Large breed, which may not be suitable for all households.",
      "_id": {
        "$oid": "64f8548f88a6eae13e606aba"
      }
    }
  ],
  "image_status": [],
  "__v": 10
},
{
  "_id": {
    "$oid": "64f5b049946641737ad8f7a6"
  },
  "name": "Golden Retriever",
  "average_weight": 65,
  "average_lifespan": 12,
  "average_water_per_day": 14,
  "breed_advantage": [
    {
      "name": "Friendly",
      "description": "Known for their friendly and approachable nature.",
      "_id": {
        "$oid": "64f8553388a6eae13e606ac7"
      }
    },
    {
      "name": "Trainability",
      "description": "Highly trainable and eager to please.",
      "_id": {
        "$oid": "64f8553988a6eae13e606acb"
      }
    },
    {
      "name": "Gentle",
      "description": "Gentle and patient, making them great family dogs.",
      "_id": {
        "$oid": "64f8554388a6eae13e606ad0"
      }
    },
    {
      "name": "Versatile",
      "description": "Versatile and excel in various roles, including therapy work.",
      "_id": {
        "$oid": "64f8554888a6eae13e606ad6"
      }
    },
    {
      "name": "Low Aggression",
      "description": "Generally have a low aggression tendency.",
      "_id": {
        "$oid": "64f8554e88a6eae13e606add"
      }
    }
  ],
  "breed_disadvantage": [
    {
      "name": "Shedding",
      "description": "Shed profusely, especially seasonally.",
      "_id": {
        "$oid": "64f8555b88a6eae13e606ae5"
      }
    },
    {
      "name": "Energy Level",
      "description": "Moderate to high energy; require regular exercise.",
      "_id": {
        "$oid": "64f8557388a6eae13e606aee"
      }
    },
    {
      "name": "Health Concerns",
      "description": "Prone to certain health issues like hip dysplasia and cancer.",
      "_id": {
        "$oid": "64f8557988a6eae13e606af8"
      }
    },
    {
      "name": "Chewing Tendency",
      "description": "Puppies may have a tendency to chew on objects.",
      "_id": {
        "$oid": "64f8558188a6eae13e606b03"
      }
    },
    {
      "name": "Separation Anxiety",
      "description": "Can develop separation anxiety if left alone for extended periods.",
      "_id": {
        "$oid": "64f8558988a6eae13e606b0f"
      }
    }
  ],
  "image_status": [],
  "__v": 10
},
{
  "_id": {
    "$oid": "64f5b04d946641737ad8f7a8"
  },
  "name": "Bulldog",
  "average_weight": 50,
  "average_lifespan": 8,
  "average_water_per_day": 12,
  "breed_advantage": [
    {
      "name": "Loyalty",
      "description": "Known for their loyalty and devotion to their owners.",
      "_id": {
        "$oid": "64f855c388a6eae13e606b1c"
      }
    },
    {
      "name": "Gentle Temperament",
      "description": "Gentle and good-natured, making them great companions.",
      "_id": {
        "$oid": "64f855c888a6eae13e606b20"
      }
    },
    {
      "name": "Low Exercise Needs",
      "description": "Low-energy breed with minimal exercise requirements.",
      "_id": {
        "$oid": "64f855cd88a6eae13e606b25"
      }
    },
    {
      "name": "Low Grooming",
      "description": "Short coat requires minimal grooming and shedding.",
      "_id": {
        "$oid": "64f855d288a6eae13e606b2b"
      }
    },
    {
      "name": "Good with Kids",
      "description": "Generally good with children and protective of them.",
      "_id": {
        "$oid": "64f855d888a6eae13e606b32"
      }
    }
  ],
  "breed_disadvantage": [
    {
      "name": "Health Concerns",
      "description": "Prone to various health issues, including respiratory problems.",
      "_id": {
        "$oid": "64f855e288a6eae13e606b3a"
      }
    },
    {
      "name": "Heat Sensitivity",
      "description": "Highly sensitive to heat; can overheat easily.",
      "_id": {
        "$oid": "64f855e788a6eae13e606b43"
      }
    },
    {
      "name": "Difficulty in Training",
      "description": "May be stubborn and challenging to train for some commands.",
      "_id": {
        "$oid": "64f855f588a6eae13e606b4d"
      }
    },
    {
      "name": "Chewing Tendency",
      "description": "Puppies may have a tendency to chew on objects.",
      "_id": {
        "$oid": "64f855fe88a6eae13e606b58"
      }
    },
    {
      "name": "Potential for Obesity",
      "description": "Bulldogs can easily become overweight if not monitored closely.",
      "_id": {
        "$oid": "64f8560688a6eae13e606b64"
      }
    }
  ],
  "image_status": [],
  "__v": 10
},
{
  "_id": {
    "$oid": "64f5b054946641737ad8f7aa"
  },
  "name": "Beagle",
  "average_weight": 20,
  "average_lifespan": 13,
  "average_water_per_day": 13,
  "breed_advantage": [
    {
      "name": "Friendly",
      "description": "Friendly and sociable dogs, good with people and other pets.",
      "_id": {
        "$oid": "64f8564988a6eae13e606b71"
      }
    },
    {
      "name": "Curious Nature",
      "description": "Curious and playful, making them great companions for active families.",
      "_id": {
        "$oid": "64f8564f88a6eae13e606b75"
      }
    },
    {
      "name": "Low Grooming",
      "description": "Short coat requires minimal grooming.",
      "_id": {
        "$oid": "64f8565388a6eae13e606b7a"
      }
    },
    {
      "name": "Energetic",
      "description": "Energetic and enjoy outdoor activities and exercise.",
      "_id": {
        "$oid": "64f8565888a6eae13e606b80"
      }
    },
    {
      "name": "Trainable",
      "description": "Generally easy to train due to their intelligence and food motivation.",
      "_id": {
        "$oid": "64f8566188a6eae13e606b87"
      }
    }
  ],
  "breed_disadvantage": [
    {
      "name": "Tendency to Wander",
      "description": "Strong scent hounds with a tendency to follow their noses and wander off.",
      "_id": {
        "$oid": "64f8566a88a6eae13e606b8f"
      }
    },
    {
      "name": "Barking",
      "description": "Can be vocal and may bark excessively if not trained.",
      "_id": {
        "$oid": "64f8566f88a6eae13e606b98"
      }
    },
    {
      "name": "Stubbornness",
      "description": "Can be stubborn at times, requiring patience in training.",
      "_id": {
        "$oid": "64f8567688a6eae13e606ba2"
      }
    },
    {
      "name": "Food-Oriented",
      "description": "Prone to overeating and obesity if food intake is not monitored.",
      "_id": {
        "$oid": "64f8567b88a6eae13e606bad"
      }
    },
    {
      "name": "Digging Instinct",
      "description": "Have a natural instinct to dig, which may lead to unwanted behavior in gardens.",
      "_id": {
        "$oid": "64f8568388a6eae13e606bb9"
      }
    }
  ],
  "image_status": [],
  "__v": 10
},
{
  "_id": {
    "$oid": "64f5b05b946641737ad8f7ac"
  },
  "name": "Poodle",
  "average_weight": 45,
  "average_lifespan": 14,
  "average_water_per_day": 12,
  "breed_advantage": [
    {
      "name": "Intelligence",
      "description": "Highly intelligent and one of the smartest dog breeds.",
      "_id": {
        "$oid": "64f8569d88a6eae13e606bc6"
      }
    },
    {
      "name": "Hypoallergenic",
      "description": "Low-shedding and suitable for people with allergies.",
      "_id": {
        "$oid": "64f856a288a6eae13e606bca"
      }
    },
    {
      "name": "Versatile",
      "description": "Versatile and excel in various dog sports and activities.",
      "_id": {
        "$oid": "64f856ae88a6eae13e606bcf"
      }
    },
    {
      "name": "Trainability",
      "description": "Easy to train due to their intelligence and eagerness to please.",
      "_id": {
        "$oid": "64f856b388a6eae13e606bd5"
      }
    },
    {
      "name": "Elegant Appearance",
      "description": "Elegant and stylish appearance with a variety of coat colors and styles.",
      "_id": {
        "$oid": "64f856b788a6eae13e606bdc"
      }
    }
  ],
  "breed_disadvantage": [
    {
      "name": "High Maintenance Grooming",
      "description": "Require regular grooming to maintain their coat's appearance.",
      "_id": {
        "$oid": "64f856bf88a6eae13e606be4"
      }
    },
    {
      "name": "Exercise Needs",
      "description": "Need regular exercise and mental stimulation to prevent boredom.",
      "_id": {
        "$oid": "64f856c588a6eae13e606bed"
      }
    },
    {
      "name": "Separation Anxiety",
      "description": "Prone to separation anxiety and may become distressed when left alone.",
      "_id": {
        "$oid": "64f856cb88a6eae13e606bf7"
      }
    },
    {
      "name": "Potential for Timidity",
      "description": "Some Poodles can be timid or anxious if not properly socialized.",
      "_id": {
        "$oid": "64f856d388a6eae13e606c02"
      }
    },
    {
      "name": "Health Concerns",
      "description": "Prone to certain health issues, including hip dysplasia and eye problems.",
      "_id": {
        "$oid": "64f856da88a6eae13e606c0e"
      }
    }
  ],
  "image_status": [],
  "__v": 10
},
{
  "_id": {
    "$oid": "64f5b062946641737ad8f7ae"
  },
  "name": "Rottweiler",
  "average_weight": 95,
  "average_lifespan": 10,
  "average_water_per_day": 16,
  "breed_advantage": [
    {
      "name": "Loyalty",
      "description": "Incredibly loyal and protective of their families.",
      "_id": {
        "$oid": "64f856fe88a6eae13e606c1b"
      }
    },
    {
      "name": "Strength",
      "description": "Strong and powerful, making them excellent guard dogs.",
      "_id": {
        "$oid": "64f8570388a6eae13e606c1f"
      }
    },
    {
      "name": "Intelligence",
      "description": "Highly intelligent and quick learners, suitable for training.",
      "_id": {
        "$oid": "64f8570788a6eae13e606c24"
      }
    },
    {
      "name": "Versatile",
      "description": "Versatile working dogs, skilled in various roles and tasks.",
      "_id": {
        "$oid": "64f8570e88a6eae13e606c2a"
      }
    },
    {
      "name": "Confidence",
      "description": "Confident and self-assured demeanor.",
      "_id": {
        "$oid": "64f8571288a6eae13e606c31"
      }
    }
  ],
  "breed_disadvantage": [
    {
      "name": "Aggressiveness Potential",
      "description": "Can exhibit aggressive behavior if not properly trained and socialized.",
      "_id": {
        "$oid": "64f8571b88a6eae13e606c39"
      }
    },
    {
      "name": "Exercise Needs",
      "description": "Require regular exercise and mental stimulation to prevent boredom.",
      "_id": {
        "$oid": "64f8572088a6eae13e606c42"
      }
    },
    {
      "name": "Size",
      "description": "Large breed, which may not be suitable for all households.",
      "_id": {
        "$oid": "64f8572688a6eae13e606c4c"
      }
    },
    {
      "name": "Health Concerns",
      "description": "Prone to certain health issues, including hip and elbow dysplasia.",
      "_id": {
        "$oid": "64f8572d88a6eae13e606c57"
      }
    },
    {
      "name": "Dominant Behavior",
      "description": "May display dominant behavior and require experienced handling.",
      "_id": {
        "$oid": "64f8573388a6eae13e606c63"
      }
    }
  ],
  "image_status": [],
  "__v": 10
},
{
  "_id": {
    "$oid": "64f5b069946641737ad8f7b0"
  },
  "name": "Yorkshire Terrier",
  "average_weight": 7,
  "average_lifespan": 15,
  "average_water_per_day": 10,
  "breed_advantage": [
    {
      "name": "Compact Size",
      "description": "Compact and small size, suitable for apartment living.",
      "_id": {
        "$oid": "64f8575188a6eae13e606c70"
      }
    },
    {
      "name": "Low Shedding",
      "description": "Low-shedding, making them hypoallergenic for some people.",
      "_id": {
        "$oid": "64f8576988a6eae13e606c74"
      }
    },
    {
      "name": "Intelligence",
      "description": "Highly intelligent and quick learners, suitable for training.",
      "_id": {
        "$oid": "64f8576f88a6eae13e606c79"
      }
    },
    {
      "name": "Affectionate",
      "description": "Affectionate and loyal companions to their owners.",
      "_id": {
        "$oid": "64f8577488a6eae13e606c7f"
      }
    },
    {
      "name": "Elegant Appearance",
      "description": "Elegant and stylish appearance with long, silky coats.",
      "_id": {
        "$oid": "64f8577888a6eae13e606c86"
      }
    }
  ],
  "breed_disadvantage": [
    {
      "name": "Fragile Size",
      "description": "Small size makes them fragile and prone to injury if mishandled.",
      "_id": {
        "$oid": "64f8578088a6eae13e606c8e"
      }
    },
    {
      "name": "Grooming Requirements",
      "description": "Require regular grooming to maintain their coat's appearance.",
      "_id": {
        "$oid": "64f8578588a6eae13e606c97"
      }
    },
    {
      "name": "Barking Tendency",
      "description": "Can be prone to excessive barking if not trained properly.",
      "_id": {
        "$oid": "64f8578a88a6eae13e606ca1"
      }
    },
    {
      "name": "Stubbornness",
      "description": "May exhibit stubborn behavior, requiring patience in training.",
      "_id": {
        "$oid": "64f8579888a6eae13e606cac"
      }
    },
    {
      "name": "Socialization Needs",
      "description": "Need early socialization to prevent aggressive behavior with other dogs.",
      "_id": {
        "$oid": "64f8579f88a6eae13e606cb8"
      }
    }
  ],
  "image_status": [],
  "__v": 10
},
{
  "_id": {
    "$oid": "64f5b070946641737ad8f7b2"
  },
  "name": "Boxer",
  "average_weight": 70,
  "average_lifespan": 10,
  "average_water_per_day": 14,
  "breed_advantage": [],
  "breed_disadvantage": [],
  "image_status": [],
  "__v": 0
},
{
  "_id": {
    "$oid": "64f5b076946641737ad8f7b4"
  },
  "name": "Dachshund",
  "average_weight": 12,
  "average_lifespan": 14,
  "average_water_per_day": 11,
  "breed_advantage": [],
  "breed_disadvantage": [],
  "image_status": [],
  "__v": 0
},
{
  "_id": {
    "$oid": "64f5b07c946641737ad8f7b6"
  },
  "name": "Shih Tzu",
  "average_weight": 14,
  "average_lifespan": 15,
  "average_water_per_day": 11,
  "breed_advantage": [],
  "breed_disadvantage": [],
  "image_status": [],
  "__v": 0
},
{
  "_id": {
    "$oid": "64f5b081946641737ad8f7b8"
  },
  "name": "Siberian Husky",
  "average_weight": 50,
  "average_lifespan": 13,
  "average_water_per_day": 14,
  "breed_advantage": [],
  "breed_disadvantage": [],
  "image_status": [],
  "__v": 0
},
{
  "_id": {
    "$oid": "64f5b087946641737ad8f7ba"
  },
  "name": "Great Dane",
  "average_weight": 140,
  "average_lifespan": 8,
  "average_water_per_day": 16,
  "breed_advantage": [],
  "breed_disadvantage": [],
  "image_status": [],
  "__v": 0
},
{
  "_id": {
    "$oid": "64f5b08d946641737ad8f7bc"
  },
  "name": "Doberman Pinscher",
  "average_weight": 75,
  "average_lifespan": 10,
  "average_water_per_day": 15,
  "breed_advantage": [],
  "breed_disadvantage": [],
  "image_status": [],
  "__v": 0
},
{
  "_id": {
    "$oid": "64f5b093946641737ad8f7be"
  },
  "name": "Pug",
  "average_weight": 15,
  "average_lifespan": 13,
  "average_water_per_day": 12,
  "breed_advantage": [],
  "breed_disadvantage": [],
  "image_status": [],
  "__v": 0
},
{
  "_id": {
    "$oid": "64f5b098946641737ad8f7c0"
  },
  "name": "Chihuahua",
  "average_weight": 5,
  "average_lifespan": 15,
  "average_water_per_day": 10,
  "breed_advantage": [],
  "breed_disadvantage": [],
  "image_status": [],
  "__v": 0
},
{
  "_id": {
    "$oid": "64f5b09e946641737ad8f7c2"
  },
  "name": "Bichon Frise",
  "average_weight": 12,
  "average_lifespan": 15,
  "average_water_per_day": 12,
  "breed_advantage": [],
  "breed_disadvantage": [],
  "image_status": [],
  "__v": 0
},
{
  "_id": {
    "$oid": "64f5b0a4946641737ad8f7c4"
  },
  "name": "Australian Shepherd",
  "average_weight": 55,
  "average_lifespan": 13,
  "average_water_per_day": 13,
  "breed_advantage": [],
  "breed_disadvantage": [],
  "image_status": [],
  "__v": 0
},
{
  "_id": {
    "$oid": "64f5b0a9946641737ad8f7c6"
  },
  "name": "Shetland Sheepdog",
  "average_weight": 20,
  "average_lifespan": 13,
  "average_water_per_day": 13,
  "breed_advantage": [],
  "breed_disadvantage": [],
  "image_status": [],
  "__v": 0
},
{
  "_id": {
    "$oid": "64f5b0ae946641737ad8f7c8"
  },
  "name": "Border Collie",
  "average_weight": 40,
  "average_lifespan": 13,
  "average_water_per_day": 13,
  "breed_advantage": [],
  "breed_disadvantage": [],
  "image_status": [],
  "__v": 0
}]