[{
  "_id": {
    "$oid": "64f32275ce71ce8c57f6b934"
  },
  "name": "Canine Allergies",
  "description": "Allergic reactions to various substances like pollen or food.",
  "symptoms": [
    "itching",
    "redness",
    "sneezing",
    "coughing",
    "ear infections",
    "gastrointestinal issues"
  ],
  "__v": 0
},
{
  "_id": {
    "$oid": "64f3227dce71ce8c57f6b936"
  },
  "name": "Canine Otitis Externa (Ear Infection)",
  "description": "Inflammation or infection of the outer ear canal.",
  "symptoms": [
    "ear scratching",
    "head shaking",
    "foul odor",
    "discharge",
    "pain"
  ],
  "__v": 0
},
{
  "_id": {
    "$oid": "64f32286ce71ce8c57f6b938"
  },
  "name": "Canine Arthritis",
  "description": "Inflammation of the joints causing pain and reduced mobility.",
  "symptoms": [
    "limping",
    "stiffness",
    "difficulty getting up",
    "reluctance to play"
  ],
  "__v": 0
},
{
  "_id": {
    "$oid": "64f3228fce71ce8c57f6b93a"
  },
  "name": "Canine Dental Disease",
  "description": "Dental issues including gum disease and tooth decay.",
  "symptoms": [
    "bad breath",
    "bleeding gums",
    "loose teeth",
    "decreased appetite"
  ],
  "__v": 0
},
{
  "_id": {
    "$oid": "64f322a3ce71ce8c57f6b93c"
  },
  "name": "Canine Parvovirus (Parvo)",
  "description": "Highly contagious viral disease affecting the digestive system.",
  "symptoms": [
    "vomiting",
    "diarrhea (often bloody)",
    "lethargy",
    "severe dehydration"
  ],
  "__v": 0
},
{
  "_id": {
    "$oid": "64f322adce71ce8c57f6b93e"
  },
  "name": "Canine Distemper",
  "description": "A viral disease affecting multiple body systems.",
  "symptoms": [
    "fever",
    "nasal discharge",
    "coughing",
    "lethargy",
    "neurological signs"
  ],
  "__v": 0
},
{
  "_id": {
    "$oid": "64f322b6ce71ce8c57f6b940"
  },
  "name": "Canine Lyme Disease",
  "description": "Tick-borne bacterial infection causing joint and systemic problems.",
  "symptoms": [
    "fever",
    "joint pain",
    "lameness",
    "lethargy",
    "loss of appetite"
  ],
  "__v": 0
},
{
  "_id": {
    "$oid": "64f322c1ce71ce8c57f6b942"
  },
  "name": "Canine Kennel Cough",
  "description": "Highly contagious respiratory infection.",
  "symptoms": [
    "coughing",
    "sneezing",
    "nasal discharge",
    "mild fever"
  ],
  "__v": 0
},
{
  "_id": {
    "$oid": "64f322ccce71ce8c57f6b944"
  },
  "name": "Canine Leptospirosis",
  "description": "Bacterial infection affecting the kidneys and liver.",
  "symptoms": [
    "fever",
    "vomiting",
    "diarrhea",
    "jaundice",
    "muscle pain"
  ],
  "__v": 0
},
{
  "_id": {
    "$oid": "64f322d4ce71ce8c57f6b946"
  },
  "name": "Canine Heartworm Disease",
  "description": "Parasitic infection affecting the heart and lungs.",
  "symptoms": [
    "coughing",
    "exercise intolerance",
    "weight loss",
    "respiratory distress"
  ],
  "__v": 0
},
{
  "_id": {
    "$oid": "64f322dfce71ce8c57f6b948"
  },
  "name": "Canine Pancreatitis",
  "description": "Inflammation of the pancreas.",
  "symptoms": [
    "vomiting",
    "diarrhea",
    "abdominal pain",
    "loss of appetite"
  ],
  "__v": 0
},
{
  "_id": {
    "$oid": "64f322e6ce71ce8c57f6b94a"
  },
  "name": "Canine Hip Dysplasia",
  "description": "Abnormal hip joint development leading to arthritis.",
  "symptoms": [
    "lameness",
    "difficulty standing",
    "reluctance to climb stairs"
  ],
  "__v": 0
},
{
  "_id": {
    "$oid": "64f322eece71ce8c57f6b94c"
  },
  "name": "Canine Cushing's Disease",
  "description": "Overproduction of cortisol by the adrenal glands.",
  "symptoms": [
    "increased thirst",
    "hunger",
    "hair loss",
    "pot-bellied appearance"
  ],
  "__v": 0
},
{
  "_id": {
    "$oid": "64f322f3ce71ce8c57f6b94e"
  },
  "name": "Canine Diabetes Mellitus",
  "description": "Insufficient insulin production or response.",
  "symptoms": [
    "increased thirst",
    "urination",
    "weight loss",
    "lethargy"
  ],
  "__v": 0
},
{
  "_id": {
    "$oid": "64f322face71ce8c57f6b950"
  },
  "name": "Canine Giardiasis",
  "description": "Intestinal parasite infection.",
  "symptoms": [
    "diarrhea",
    "vomiting",
    "weight loss",
    "lethargy"
  ],
  "__v": 0
},
{
  "_id": {
    "$oid": "64f32300ce71ce8c57f6b952"
  },
  "name": "Canine Hypothyroidism",
  "description": "Underactive thyroid gland.",
  "symptoms": [
    "weight gain",
    "lethargy",
    "hair loss",
    "skin problems"
  ],
  "__v": 0
},
{
  "_id": {
    "$oid": "64f32307ce71ce8c57f6b954"
  },
  "name": "Canine Pyometra",
  "description": "Uterine infection.",
  "symptoms": [
    "swollen abdomen",
    "vaginal discharge",
    "fever",
    "lethargy"
  ],
  "__v": 0
},
{
  "_id": {
    "$oid": "64f3230cce71ce8c57f6b956"
  },
  "name": "Canine Hemangiosarcoma",
  "description": "Aggressive cancer of blood vessel cells.",
  "symptoms": [
    "weakness",
    "collapse",
    "abdominal swelling",
    "pale gums"
  ],
  "__v": 0
},
{
  "_id": {
    "$oid": "64f32313ce71ce8c57f6b958"
  },
  "name": "Canine Epilepsy",
  "description": "Recurrent seizures.",
  "symptoms": [
    "loss of consciousness",
    "muscle twitching",
    "drooling"
  ],
  "__v": 0
},
{
  "_id": {
    "$oid": "64f32319ce71ce8c57f6b95a"
  },
  "name": "Canine Bloat (Gastric Torsion)",
  "description": "Life-threatening twisting of the stomach.",
  "symptoms": [
    "restlessness",
    "abdominal distention",
    "unproductive vomiting",
    "rapid breathing"
  ],
  "__v": 0
}]