[{
  "_id": {
    "$oid": "64e47707a338f588abc07670"
  },
  "userId": "64bfb981d84d3daf0360359a",
  "name": "Tucker",
  "age": 16,
  "gender": true,
  "weight": 21.51,
  "breedId": "64c39722e734df4e7bdba64e",
  "status": "single",
  "meals": [
    {
      "mealId": "64f3351fce71ce8c57f6bb8b",
      "_id": {
        "$oid": "64e4785cc694936e89dc58b4"
      },
      "createdAt": {
        "$date": "2023-08-22T08:57:00.152Z"
      },
      "updatedAt": {
        "$date": "2023-09-06T11:37:25.903Z"
      }
    },
    {
      "mealId": "64f3359dce71ce8c57f6bba7",
      "_id": {
        "$oid": "64e47cb367af743536452ba5"
      },
      "createdAt": {
        "$date": "2023-08-22T09:15:31.561Z"
      },
      "updatedAt": {
        "$date": "2023-09-06T11:35:01.502Z"
      }
    },
    {
      "mealId": "64f3351fce71ce8c57f6bb8b",
      "_id": {
        "$oid": "64f3398ece71ce8c57f6bc43"
      },
      "createdAt": {
        "$date": "2023-09-02T13:33:02.334Z"
      },
      "updatedAt": {
        "$date": "2023-09-02T13:33:02.334Z"
      }
    },
    {
      "mealId": "64f33572ce71ce8c57f6bb9b",
      "_id": {
        "$oid": "64f33ab8ce71ce8c57f6c0b7"
      },
      "createdAt": {
        "$date": "2023-09-02T13:38:00.358Z"
      },
      "updatedAt": {
        "$date": "2023-09-02T13:38:00.358Z"
      }
    },
    {
      "mealId": "64f33572ce71ce8c57f6bb9b",
      "_id": {
        "$oid": "64f33ac1ce71ce8c57f6c0c9"
      },
      "createdAt": {
        "$date": "2023-09-02T13:38:10.052Z"
      },
      "updatedAt": {
        "$date": "2023-09-02T13:38:10.052Z"
      }
    },
    {
      "mealId": "64f33586ce71ce8c57f6bba1",
      "_id": {
        "$oid": "64f33acfce71ce8c57f6c0dc"
      },
      "createdAt": {
        "$date": "2023-09-02T13:38:23.877Z"
      },
      "updatedAt": {
        "$date": "2023-09-02T13:38:23.877Z"
      }
    },
    {
      "mealId": "64f335a3ce71ce8c57f6bba9",
      "_id": {
        "$oid": "64f33ad8ce71ce8c57f6c0f0"
      },
      "createdAt": {
        "$date": "2023-09-02T13:38:32.792Z"
      },
      "updatedAt": {
        "$date": "2023-09-02T13:38:32.792Z"
      }
    },
    {
      "mealId": "64f335a9ce71ce8c57f6bbab",
      "_id": {
        "$oid": "64f6fd8fbb19a33948042b50"
      },
      "createdAt": {
        "$date": "2023-09-05T10:06:07.271Z"
      },
      "updatedAt": {
        "$date": "2023-09-05T10:06:07.271Z"
      }
    },
    {
      "mealId": "64f33586ce71ce8c57f6bba1",
      "_id": {
        "$oid": "64f707eabb19a3394804f022"
      },
      "createdAt": {
        "$date": "2023-09-05T10:50:18.478Z"
      },
      "updatedAt": {
        "$date": "2023-09-05T10:50:18.478Z"
      }
    },
    {
      "mealId": "64f3358dce71ce8c57f6bba3",
      "_id": {
        "$oid": "64f8405ec489bb4784bc8690"
      },
      "createdAt": {
        "$date": "2023-09-06T09:03:26.659Z"
      },
      "updatedAt": {
        "$date": "2023-09-06T09:03:26.659Z"
      }
    },
    {
      "mealId": "64f335a3ce71ce8c57f6bba9",
      "_id": {
        "$oid": "651be4159b150e9754e118fc"
      },
      "createdAt": {
        "$date": "2023-10-03T09:51:17.641Z"
      },
      "updatedAt": {
        "$date": "2023-10-03T09:51:17.641Z"
      }
    }
  ],
  "activities": [
    {
      "mins_spent": 20,
      "activityId": "64f35e55ce71ce8c57f6c3b4",
      "_id": {
        "$oid": "64e479be888da738f227d142"
      },
      "createdAt": {
        "$date": "2023-08-22T09:02:54.441Z"
      },
      "updatedAt": {
        "$date": "2023-09-06T08:35:08.520Z"
      }
    },
    {
      "mins_spent": 30,
      "activityId": "64f35eaece71ce8c57f6c4eb",
      "_id": {
        "$oid": "64e479cb888da738f227d149"
      },
      "createdAt": {
        "$date": "2023-08-22T09:03:07.120Z"
      },
      "updatedAt": {
        "$date": "2023-08-22T09:03:07.120Z"
      }
    },
    {
      "mins_spent": 10,
      "activityId": "64f35e55ce71ce8c57f6c3b4",
      "_id": {
        "$oid": "64f35e6ace71ce8c57f6c3b6"
      },
      "createdAt": {
        "$date": "2023-09-02T16:10:18.583Z"
      },
      "updatedAt": {
        "$date": "2023-09-03T02:46:48.755Z"
      }
    },
    {
      "mins_spent": 13,
      "activityId": "64f36016ce71ce8c57f6c96b",
      "_id": {
        "$oid": "64f36023ce71ce8c57f6c96d"
      },
      "createdAt": {
        "$date": "2023-09-02T16:17:39.438Z"
      },
      "updatedAt": {
        "$date": "2023-09-02T16:17:39.438Z"
      }
    },
    {
      "mins_spent": 28,
      "activityId": "64f36061ce71ce8c57f6ca77",
      "_id": {
        "$oid": "64f3606ece71ce8c57f6ca79"
      },
      "createdAt": {
        "$date": "2023-09-02T16:18:54.483Z"
      },
      "updatedAt": {
        "$date": "2023-09-02T16:18:54.483Z"
      }
    },
    {
      "mins_spent": 16,
      "activityId": "64f360a8ce71ce8c57f6cbaa",
      "_id": {
        "$oid": "64f360b5ce71ce8c57f6cbac"
      },
      "createdAt": {
        "$date": "2023-09-02T16:20:05.357Z"
      },
      "updatedAt": {
        "$date": "2023-09-02T16:20:05.357Z"
      }
    },
    {
      "mins_spent": 34,
      "activityId": "64f3630ece71ce8c57f6d156",
      "_id": {
        "$oid": "64f361f0ce71ce8c57f6cfcb"
      },
      "createdAt": {
        "$date": "2023-09-02T16:25:20.439Z"
      },
      "updatedAt": {
        "$date": "2023-09-05T10:05:31.070Z"
      }
    },
    {
      "mins_spent": 23,
      "activityId": "64f363cfce71ce8c57f6d15c",
      "_id": {
        "$oid": "64f707f6bb19a3394804f7cd"
      },
      "createdAt": {
        "$date": "2023-09-05T10:50:31.025Z"
      },
      "updatedAt": {
        "$date": "2023-09-05T10:50:31.025Z"
      }
    },
    {
      "mins_spent": 234,
      "activityId": "64f361e0ce71ce8c57f6cfc9",
      "_id": {
        "$oid": "64f84071c489bb4784bc8e0a"
      },
      "createdAt": {
        "$date": "2023-09-06T09:03:46.030Z"
      },
      "updatedAt": {
        "$date": "2023-09-06T09:03:46.030Z"
      }
    },
    {
      "mins_spent": 30,
      "activityId": "64f35eaece71ce8c57f6c4eb",
      "_id": {
        "$oid": "651be47c9b150e9754e12e27"
      },
      "createdAt": {
        "$date": "2023-10-03T09:53:00.741Z"
      },
      "updatedAt": {
        "$date": "2023-10-03T09:53:00.741Z"
      }
    }
  ],
  "diseases": [
    {
      "diseaseId": "64f322e6ce71ce8c57f6b94a",
      "day_count": 35,
      "_id": {
        "$oid": "64e477f9c694936e89dc58ac"
      },
      "createdAt": {
        "$date": "2023-08-22T08:55:21.162Z"
      },
      "updatedAt": {
        "$date": "2023-09-06T12:26:21.893Z"
      }
    },
    {
      "diseaseId": "64f3227dce71ce8c57f6b936",
      "day_count": 2,
      "_id": {
        "$oid": "64f323f6ce71ce8c57f6b9ef"
      },
      "createdAt": {
        "$date": "2023-09-02T12:00:54.181Z"
      },
      "updatedAt": {
        "$date": "2023-09-02T23:30:18.927Z"
      }
    },
    {
      "diseaseId": "64f322adce71ce8c57f6b93e",
      "day_count": 1,
      "_id": {
        "$oid": "64f32cccce71ce8c57f6ba92"
      },
      "createdAt": {
        "$date": "2023-09-02T12:38:37.005Z"
      },
      "updatedAt": {
        "$date": "2023-09-02T12:38:37.005Z"
      }
    },
    {
      "diseaseId": "64f32307ce71ce8c57f6b954",
      "day_count": 12,
      "_id": {
        "$oid": "64f58b7487f8291687bc9296"
      },
      "createdAt": {
        "$date": "2023-09-04T07:47:00.160Z"
      },
      "updatedAt": {
        "$date": "2023-09-05T09:13:29.420Z"
      }
    },
    {
      "diseaseId": "64f3227dce71ce8c57f6b936",
      "day_count": 23,
      "_id": {
        "$oid": "64f59286946641737ad8af70"
      },
      "createdAt": {
        "$date": "2023-09-04T08:17:10.248Z"
      },
      "updatedAt": {
        "$date": "2023-09-04T08:17:10.248Z"
      }
    },
    {
      "diseaseId": "64f32313ce71ce8c57f6b958",
      "day_count": 21,
      "_id": {
        "$oid": "64f705522b343e1e5b6e0216"
      },
      "createdAt": {
        "$date": "2023-09-05T10:39:14.828Z"
      },
      "updatedAt": {
        "$date": "2023-09-05T10:39:14.828Z"
      }
    },
    {
      "diseaseId": "64f322face71ce8c57f6b950",
      "day_count": 2,
      "_id": {
        "$oid": "64f707ddbb19a3394804e8f5"
      },
      "createdAt": {
        "$date": "2023-09-05T10:50:05.618Z"
      },
      "updatedAt": {
        "$date": "2023-09-05T10:50:05.618Z"
      }
    },
    {
      "diseaseId": "64f322face71ce8c57f6b950",
      "day_count": 34,
      "_id": {
        "$oid": "64f84055c489bb4784bc7f92"
      },
      "createdAt": {
        "$date": "2023-09-06T09:03:17.941Z"
      },
      "updatedAt": {
        "$date": "2023-09-06T09:03:17.941Z"
      }
    }
  ],
  "behaviours": [
    {
      "name": "Barking",
      "description": "Dog started to bark excessively, often for no apparent reason.",
      "_id": {
        "$oid": "64f368cece71ce8c57f6d17e"
      },
      "createdAt": {
        "$date": "2023-09-02T16:54:39.139Z"
      },
      "updatedAt": {
        "$date": "2023-09-02T16:54:39.139Z"
      }
    },
    {
      "name": "Aggression",
      "description": "Sudden or increased aggressive behavior, such as growling, snarling, or snapping. ",
      "_id": {
        "$oid": "64f368e6ce71ce8c57f6d1db"
      },
      "createdAt": {
        "$date": "2023-09-02T16:55:02.918Z"
      },
      "updatedAt": {
        "$date": "2023-09-06T08:51:23.738Z"
      }
    },
    {
      "name": "Destructiveness",
      "description": "Dog starts chewing or destroying objects, furniture, or belongings more often.",
      "_id": {
        "$oid": "64f368f2ce71ce8c57f6d1fc"
      },
      "createdAt": {
        "$date": "2023-09-02T16:55:14.433Z"
      },
      "updatedAt": {
        "$date": "2023-09-02T16:55:14.433Z"
      }
    },
    {
      "name": "Potty Accidents",
      "description": "Regression in house-training, leading to accidents indoors.",
      "_id": {
        "$oid": "64f368face71ce8c57f6d21e"
      },
      "createdAt": {
        "$date": "2023-09-02T16:55:22.504Z"
      },
      "updatedAt": {
        "$date": "2023-09-02T16:55:22.504Z"
      }
    },
    {
      "name": "Hiding",
      "description": "Dog seeks seclusion or hides in unusual places, indicating fear or discomfort.",
      "_id": {
        "$oid": "64f36901ce71ce8c57f6d241"
      },
      "createdAt": {
        "$date": "2023-09-02T16:55:29.513Z"
      },
      "updatedAt": {
        "$date": "2023-09-02T16:55:29.513Z"
      }
    },
    {
      "name": "Excessive Panting",
      "description": "Unusual and persistent heavy panting, even when not hot or after physical activity.",
      "_id": {
        "$oid": "64f36908ce71ce8c57f6d265"
      },
      "createdAt": {
        "$date": "2023-09-02T16:55:36.773Z"
      },
      "updatedAt": {
        "$date": "2023-09-02T16:55:36.773Z"
      }
    },
    {
      "name": "Excessive Licking",
      "description": "Dog licks itself excessively, potentially indicating discomfort, irritation, or anxiety.",
      "_id": {
        "$oid": "64f3690fce71ce8c57f6d28a"
      },
      "createdAt": {
        "$date": "2023-09-02T16:55:43.155Z"
      },
      "updatedAt": {
        "$date": "2023-09-02T16:55:43.155Z"
      }
    },
    {
      "name": "Changes in Appetite",
      "description": "Sudden increase or decrease in appetite, leading to weight gain or loss.",
      "_id": {
        "$oid": "64f36915ce71ce8c57f6d2b0"
      },
      "createdAt": {
        "$date": "2023-09-02T16:55:49.416Z"
      },
      "updatedAt": {
        "$date": "2023-09-02T16:55:49.416Z"
      }
    },
    {
      "name": "Excessive Salivation",
      "description": "Dog drools excessively, which can be a sign of nausea or dental issues.",
      "_id": {
        "$oid": "64f3691cce71ce8c57f6d2d7"
      },
      "createdAt": {
        "$date": "2023-09-02T16:55:56.817Z"
      },
      "updatedAt": {
        "$date": "2023-09-02T16:55:56.817Z"
      }
    },
    {
      "name": "Avoidance Behavior",
      "description": "Dog avoids certain people, places, or situations it used to be comfortable with.",
      "_id": {
        "$oid": "64f36928ce71ce8c57f6d328"
      },
      "createdAt": {
        "$date": "2023-09-02T16:56:09.072Z"
      },
      "updatedAt": {
        "$date": "2023-09-02T16:56:09.072Z"
      }
    }
  ],
  "createdAt": {
    "$date": "2023-08-22T08:51:19.947Z"
  },
  "updatedAt": {
    "$date": "2023-10-03T09:57:33.898Z"
  },
  "__v": 83,
  "image": "dog/1.jpg",
  "cover_image": "post/1.jpeg",
  "guestId": "65116d6422305ed3971d6f6b"
},
{
  "_id": {
    "$oid": "64e5e1831c7518c901e86590"
  },
  "userId": "64bfb981d84d3daf0360359a",
  "name": "reksio",
  "age": 10,
  "gender": false,
  "weight": 20.5,
  "breedId": "64c39722e734df4e7bdba64e",
  "meals": [],
  "activities": [],
  "diseases": [],
  "behaviours": [],
  "createdAt": {
    "$date": "2023-08-23T10:37:55.786Z"
  },
  "updatedAt": {
    "$date": "2023-09-25T11:24:10.097Z"
  },
  "__v": 0,
  "image": "",
  "guestId": "65116d6422305ed3971d6f6b"
}]