[{
  "_id": {
    "$oid": "64f3350ece71ce8c57f6bb87"
  },
  "name": "Chicken and Rice",
  "description": "A balanced dog food with lean chicken and rice that provides essential nutrients for your dog's overall health. Chicken is a great source of protein, while rice offers carbohydrates for energy. This meal is easily digestible and suitable for most dogs.",
  "water_percentage": 65,
  "carbohydrates_percentage": 20,
  "protein_percentage": 10,
  "fat_percentage": 5,
  "vitamins": [
    "A",
    "B6",
    "B12",
    "D"
  ],
  "__v": 0
},
{
  "_id": {
    "$oid": "64f33518ce71ce8c57f6bb89"
  },
  "name": "Beef Stew",
  "description": "A hearty beef stew with vegetables that provides a mix of protein, vitamins, and minerals. Beef offers essential amino acids, and the vegetables add fiber and antioxidants. This meal is a flavorful option for your dog's enjoyment and nutrition.",
  "water_percentage": 70,
  "carbohydrates_percentage": 15,
  "protein_percentage": 10,
  "fat_percentage": 5,
  "vitamins": [
    "B2",
    "B3",
    "B6",
    "C"
  ],
  "__v": 0
},
{
  "_id": {
    "$oid": "64f3351fce71ce8c57f6bb8b"
  },
  "name": "Salmon and Sweet Potato",
  "description": "A healthy mix of salmon and sweet potato that provides omega-3 fatty acids for a shiny coat and sweet potatoes for complex carbohydrates. This meal is rich in vitamins A, D, and E, promoting overall wellness for your dog.",
  "water_percentage": 60,
  "carbohydrates_percentage": 25,
  "protein_percentage": 10,
  "fat_percentage": 5,
  "vitamins": [
    "A",
    "D",
    "E"
  ],
  "__v": 0
},
{
  "_id": {
    "$oid": "64f33545ce71ce8c57f6bb8d"
  },
  "name": "Turkey and Vegetable Medley",
  "description": "A balanced blend of turkey and vegetables that provides lean protein and essential vitamins. Turkey is easy on the stomach, making it suitable for sensitive dogs. This meal offers a tasty and nutritious option for your pet.",
  "water_percentage": 70,
  "carbohydrates_percentage": 15,
  "protein_percentage": 10,
  "fat_percentage": 5,
  "vitamins": [
    "B1",
    "B5",
    "C"
  ],
  "__v": 0
},
{
  "_id": {
    "$oid": "64f3354bce71ce8c57f6bb8f"
  },
  "name": "Lamb and Brown Rice",
  "description": "A formula featuring lamb and brown rice that offers high-quality protein and digestible carbohydrates. Lamb is a great source of essential amino acids, while brown rice provides energy. This meal is enriched with vitamins B6, B12, D, and E for overall health support.",
  "water_percentage": 65,
  "carbohydrates_percentage": 20,
  "protein_percentage": 10,
  "fat_percentage": 5,
  "vitamins": [
    "B6",
    "B12",
    "D",
    "E"
  ],
  "__v": 0
},
{
  "_id": {
    "$oid": "64f33552ce71ce8c57f6bb91"
  },
  "name": "Fish and Potato",
  "description": "A blend of fish and potato designed for dogs with sensitive stomachs. Fish provides high-quality protein and omega-3 fatty acids for skin and coat health. Potatoes offer easily digestible carbohydrates. This meal contains vitamins A, C, and D to support your dog's well-being.",
  "water_percentage": 60,
  "carbohydrates_percentage": 25,
  "protein_percentage": 10,
  "fat_percentage": 5,
  "vitamins": [
    "A",
    "C",
    "D"
  ],
  "__v": 0
},
{
  "_id": {
    "$oid": "64f33558ce71ce8c57f6bb93"
  },
  "name": "Venison and Pea",
  "description": "A recipe featuring venison and peas, ideal for dogs with allergies. Venison offers a novel protein source, while peas provide fiber and essential nutrients. This meal is enriched with vitamins B2, B3, B6, and E for your dog's health and vitality.",
  "water_percentage": 70,
  "carbohydrates_percentage": 15,
  "protein_percentage": 10,
  "fat_percentage": 5,
  "vitamins": [
    "B2",
    "B3",
    "B6",
    "E"
  ],
  "__v": 0
},
{
  "_id": {
    "$oid": "64f3355fce71ce8c57f6bb95"
  },
  "name": "Chicken and Quinoa",
  "description": "A high-protein meal featuring chicken and quinoa, offering sustained energy and muscle support. Chicken provides lean protein, while quinoa is a nutrient-rich grain. This meal contains vitamins A, B5, and C to support your dog's immune system.",
  "water_percentage": 65,
  "carbohydrates_percentage": 20,
  "protein_percentage": 10,
  "fat_percentage": 5,
  "vitamins": [
    "A",
    "B5",
    "C"
  ],
  "__v": 0
},
{
  "_id": {
    "$oid": "64f33565ce71ce8c57f6bb97"
  },
  "name": "Duck and Tapioca",
  "description": "A blend of duck and tapioca designed for dogs with sensitive digestion. Duck provides a novel protein source, and tapioca offers easily digestible carbohydrates. This meal is enriched with vitamins B1, B6, and D for your dog's well-being.",
  "water_percentage": 60,
  "carbohydrates_percentage": 25,
  "protein_percentage": 10,
  "fat_percentage": 5,
  "vitamins": [
    "B1",
    "B6",
    "D"
  ],
  "__v": 0
},
{
  "_id": {
    "$oid": "64f3356bce71ce8c57f6bb99"
  },
  "name": "Pork and Barley",
  "description": "A recipe featuring pork and barley for variety and sustained energy. Pork offers a different taste experience, while barley provides complex carbohydrates. This meal contains vitamins B2, C, and E to support your dog's overall health.",
  "water_percentage": 70,
  "carbohydrates_percentage": 15,
  "protein_percentage": 10,
  "fat_percentage": 5,
  "vitamins": [
    "B2",
    "C",
    "E"
  ],
  "__v": 0
},
{
  "_id": {
    "$oid": "64f33572ce71ce8c57f6bb9b"
  },
  "name": "Buffalo and Potato",
  "description": "A formula featuring buffalo and potato designed for sensitive pups. Buffalo offers a lean protein source, and potatoes provide easily digestible carbohydrates. This meal is enriched with vitamins A, B12, and D for your dog's well-being.",
  "water_percentage": 65,
  "carbohydrates_percentage": 20,
  "protein_percentage": 10,
  "fat_percentage": 5,
  "vitamins": [
    "A",
    "B12",
    "D"
  ],
  "__v": 0
},
{
  "_id": {
    "$oid": "64f33578ce71ce8c57f6bb9d"
  },
  "name": "Venison and Lentils",
  "description": "A unique blend of venison and lentils that offers a different taste experience. Venison provides lean protein, while lentils offer fiber and essential nutrients. This meal contains vitamins B1, B3, and C for your dog's overall health.",
  "water_percentage": 60,
  "carbohydrates_percentage": 25,
  "protein_percentage": 10,
  "fat_percentage": 5,
  "vitamins": [
    "B1",
    "B3",
    "C"
  ],
  "__v": 0
},
{
  "_id": {
    "$oid": "64f3357fce71ce8c57f6bb9f"
  },
  "name": "Tuna and Brown Rice",
  "description": "A seafood twist with tuna and brown rice for a delicious and nutritious meal. Tuna offers high-quality protein, and brown rice provides carbohydrates. This meal contains vitamins B5, D, and E for your dog's well-being.",
  "water_percentage": 70,
  "carbohydrates_percentage": 15,
  "protein_percentage": 10,
  "fat_percentage": 5,
  "vitamins": [
    "B5",
    "D",
    "E"
  ],
  "__v": 0
},
{
  "_id": {
    "$oid": "64f33586ce71ce8c57f6bba1"
  },
  "name": "Quail and Millet",
  "description": "A delicate blend of quail and millet for a unique taste experience. Quail provides a lean protein source, while millet is a nutritious grain. This meal contains vitamins A, B2, and B6 for your dog's overall health.",
  "water_percentage": 65,
  "carbohydrates_percentage": 20,
  "protein_percentage": 10,
  "fat_percentage": 5,
  "vitamins": [
    "A",
    "B2",
    "B6"
  ],
  "__v": 0
},
{
  "_id": {
    "$oid": "64f3358dce71ce8c57f6bba3"
  },
  "name": "Lamb and Chickpeas",
  "description": "A recipe featuring lamb and chickpeas for energy and nutrition. Lamb offers essential amino acids, and chickpeas provide fiber and nutrients. This meal is enriched with vitamins B1, C, and D for your dog's overall well-being.",
  "water_percentage": 60,
  "carbohydrates_percentage": 25,
  "protein_percentage": 10,
  "fat_percentage": 5,
  "vitamins": [
    "B1",
    "C",
    "D"
  ],
  "__v": 0
},
{
  "_id": {
    "$oid": "64f33595ce71ce8c57f6bba5"
  },
  "name": "Wild Boar and Sweet Potato",
  "description": "A wild and flavorful mix of wild boar and sweet potato for a unique taste experience. Wild boar offers a novel protein source, and sweet potatoes provide complex carbohydrates. This meal contains vitamins B3, B5, and E for your dog's overall health.",
  "water_percentage": 70,
  "carbohydrates_percentage": 15,
  "protein_percentage": 10,
  "fat_percentage": 5,
  "vitamins": [
    "B3",
    "B5",
    "E"
  ],
  "__v": 0
},
{
  "_id": {
    "$oid": "64f3359dce71ce8c57f6bba7"
  },
  "name": "Turkey and Pumpkin",
  "description": "A formula featuring turkey and pumpkin for digestive health and nutrition. Turkey offers lean protein, while pumpkin provides fiber and vitamins. This meal is enriched with vitamins A, B6, and D for your dog's overall well-being.",
  "water_percentage": 65,
  "carbohydrates_percentage": 20,
  "protein_percentage": 10,
  "fat_percentage": 5,
  "vitamins": [
    "A",
    "B6",
    "D"
  ],
  "__v": 0
},
{
  "_id": {
    "$oid": "64f335a3ce71ce8c57f6bba9"
  },
  "name": "Salmon and Pea",
  "description": "A blend of salmon and peas designed for dogs with sensitive stomachs. Salmon provides high-quality protein and omega-3 fatty acids for skin and coat health. Peas offer fiber and essential nutrients. This meal contains vitamins B2, B12, and C to support your dog's overall well-being.",
  "water_percentage": 60,
  "carbohydrates_percentage": 25,
  "protein_percentage": 10,
  "fat_percentage": 5,
  "vitamins": [
    "B2",
    "B12",
    "C"
  ],
  "__v": 0
},
{
  "_id": {
    "$oid": "64f335a9ce71ce8c57f6bbab"
  },
  "name": "Duck and Chickpeas",
  "description": "A blend of duck and chickpeas for a protein-packed meal that supports your dog's overall health. Duck offers a novel protein source, and chickpeas provide fiber and essential nutrients. This meal is enriched with vitamins B1, B3, and E.",
  "water_percentage": 70,
  "carbohydrates_percentage": 15,
  "protein_percentage": 10,
  "fat_percentage": 5,
  "vitamins": [
    "B1",
    "B3",
    "E"
  ],
  "__v": 0
},
{
  "_id": {
    "$oid": "64f335b0ce71ce8c57f6bbad"
  },
  "name": "Chicken and Oats",
  "description": "Chicken and oats for sustained energy.",
  "water_percentage": 65,
  "carbohydrates_percentage": 20,
  "protein_percentage": 10,
  "fat_percentage": 5,
  "vitamins": [
    "A",
    "B5",
    "D"
  ],
  "__v": 0
}]